CREATE DATABASE  IF NOT EXISTS `bankdatabase` /*!40100 DEFAULT CHARACTER SET utf8 COLLATE utf8_turkish_ci */ /*!80016 DEFAULT ENCRYPTION='N' */;
USE `bankdatabase`;
-- MySQL dump 10.13  Distrib 8.0.28, for Win64 (x86_64)
--
-- Host: 127.0.0.1    Database: bankdatabase
-- ------------------------------------------------------
-- Server version	8.0.28

/*!40101 SET @OLD_CHARACTER_SET_CLIENT=@@CHARACTER_SET_CLIENT */;
/*!40101 SET @OLD_CHARACTER_SET_RESULTS=@@CHARACTER_SET_RESULTS */;
/*!40101 SET @OLD_COLLATION_CONNECTION=@@COLLATION_CONNECTION */;
/*!50503 SET NAMES utf8 */;
/*!40103 SET @OLD_TIME_ZONE=@@TIME_ZONE */;
/*!40103 SET TIME_ZONE='+00:00' */;
/*!40014 SET @OLD_UNIQUE_CHECKS=@@UNIQUE_CHECKS, UNIQUE_CHECKS=0 */;
/*!40014 SET @OLD_FOREIGN_KEY_CHECKS=@@FOREIGN_KEY_CHECKS, FOREIGN_KEY_CHECKS=0 */;
/*!40101 SET @OLD_SQL_MODE=@@SQL_MODE, SQL_MODE='NO_AUTO_VALUE_ON_ZERO' */;
/*!40111 SET @OLD_SQL_NOTES=@@SQL_NOTES, SQL_NOTES=0 */;

--
-- Table structure for table `_0persalary`
--

DROP TABLE IF EXISTS `_0persalary`;
/*!40101 SET @saved_cs_client     = @@character_set_client */;
/*!50503 SET character_set_client = utf8mb4 */;
CREATE TABLE `_0persalary` (
  `Salary` decimal(11,2) NOT NULL,
  `id` int NOT NULL,
  PRIMARY KEY (`id`),
  UNIQUE KEY `id_UNIQUE` (`id`)
) ENGINE=InnoDB DEFAULT CHARSET=utf8mb3 COLLATE=utf8_turkish_ci;
/*!40101 SET character_set_client = @saved_cs_client */;

--
-- Dumping data for table `_0persalary`
--

LOCK TABLES `_0persalary` WRITE;
/*!40000 ALTER TABLE `_0persalary` DISABLE KEYS */;
INSERT INTO `_0persalary` VALUES (25000.00,0);
/*!40000 ALTER TABLE `_0persalary` ENABLE KEYS */;
UNLOCK TABLES;

--
-- Table structure for table `_0personalinfo`
--

DROP TABLE IF EXISTS `_0personalinfo`;
/*!40101 SET @saved_cs_client     = @@character_set_client */;
/*!50503 SET character_set_client = utf8mb4 */;
CREATE TABLE `_0personalinfo` (
  `Citizenship_No` decimal(11,0) NOT NULL,
  `Name` varchar(45) NOT NULL,
  `Surname` varchar(45) NOT NULL,
  `Tel_No` decimal(10,0) NOT NULL,
  `Adress` varchar(255) NOT NULL,
  `E_mail` varchar(100) CHARACTER SET utf8 COLLATE utf8_turkish_ci NOT NULL,
  `Password` decimal(6,0) NOT NULL,
  `Salary` int NOT NULL,
  PRIMARY KEY (`Citizenship_No`),
  UNIQUE KEY `Citizenship_No_UNIQUE` (`Citizenship_No`),
  UNIQUE KEY `Tel_No_UNIQUE` (`Tel_No`),
  UNIQUE KEY `E-mail_UNIQUE` (`E_mail`),
  UNIQUE KEY `Adress_UNIQUE` (`Adress`),
  KEY `perfromsal` (`Salary`),
  CONSTRAINT `perfromsal` FOREIGN KEY (`Salary`) REFERENCES `_0persalary` (`id`)
) ENGINE=InnoDB DEFAULT CHARSET=utf8mb4 COLLATE=utf8mb4_0900_ai_ci;
/*!40101 SET character_set_client = @saved_cs_client */;

--
-- Dumping data for table `_0personalinfo`
--

LOCK TABLES `_0personalinfo` WRITE;
/*!40000 ALTER TABLE `_0personalinfo` DISABLE KEYS */;
INSERT INTO `_0personalinfo` VALUES (38708173108,'Deniz','Özcan',5373775009,'Umuttepe/Kocaeli','8saudade3327@gmail.com',785693,0),(38708173109,'Sheldon ','Cooper',5217869321,'113 Fordham Lane','hakimasd@me.com',123456,0),(47436561716,'Mariana ','Leonard',5417309549,'Hialeah, FL 33010','hakim@me.com',430409,0),(65592310222,'Drew ','Vang',5406034565,'1 Poor House St.','jsbach@mac.com',112724,0),(81243634492,'Skyler ','Robbins',5458611272,'55 Fordham Lane','enintend@mac.com',920937,0),(90311100665,'Sophia ','Lutz',5494066924,'Fenton, MI 48430','nasarius@mac.com',818514,0);
/*!40000 ALTER TABLE `_0personalinfo` ENABLE KEYS */;
UNLOCK TABLES;

--
-- Table structure for table `_1customerinfo`
--

DROP TABLE IF EXISTS `_1customerinfo`;
/*!40101 SET @saved_cs_client     = @@character_set_client */;
/*!50503 SET character_set_client = utf8mb4 */;
CREATE TABLE `_1customerinfo` (
  `Citizenship_No` decimal(11,0) NOT NULL,
  `Name` varchar(45) COLLATE utf8_turkish_ci NOT NULL,
  `Surname` varchar(45) COLLATE utf8_turkish_ci NOT NULL,
  `Tel_No` decimal(10,0) NOT NULL,
  `Adress` varchar(255) COLLATE utf8_turkish_ci NOT NULL,
  `E_mail` varchar(100) COLLATE utf8_turkish_ci NOT NULL,
  `Password` decimal(6,0) NOT NULL,
  `W_C` decimal(11,0) NOT NULL,
  UNIQUE KEY `Citizenship_No_UNIQUE` (`Citizenship_No`),
  UNIQUE KEY `Tel_No_UNIQUE` (`Tel_No`),
  UNIQUE KEY `Adress_UNIQUE` (`Adress`),
  UNIQUE KEY `E-mail_UNIQUE` (`E_mail`),
  KEY `persotocusto` (`W_C`),
  CONSTRAINT `persotocusto` FOREIGN KEY (`W_C`) REFERENCES `_0personalinfo` (`Citizenship_No`)
) ENGINE=InnoDB DEFAULT CHARSET=utf8mb3 COLLATE=utf8_turkish_ci;
/*!40101 SET character_set_client = @saved_cs_client */;

--
-- Dumping data for table `_1customerinfo`
--

LOCK TABLES `_1customerinfo` WRITE;
/*!40000 ALTER TABLE `_1customerinfo` DISABLE KEYS */;
INSERT INTO `_1customerinfo` VALUES (10579852864,'Malaki ','Lambert',5429344715,'Madison Heights, MI 48071','tamas@yahoo.com',639971,90311100665),(10781172747,'Keagan ','Hull',5364811111,'Bloomington, IN 47401','noodles@msn.com',203856,81243634492),(10999631469,'Timothy ','Navarro',5539077737,'7535 Bayberry St.','jimxugle@icloud.com',237371,90311100665),(16013096823,'Kieran ','Monteque',5539502290,'Pickerington, OH 43148','ismailsadsadasa@icloud.com',444444,38708173109),(16102786664,'Leyla ','Wolf',5544415614,'489 Studebaker St.','simone@outlook.com',606465,38708173109),(16774478823,'Nico ','Valencia',5363464610,'941 SE. Hilltop St8.','leslie@icloud.com',333333,65592310222),(17551347152,'Yosef ','Pitts',5532936291,'Palm Harbor, FL 34683','amcuri@me.com',227032,81243634492),(17866363151,'Orlando ','Mcclure',5515375836,'8861 W. Alderwood St.','jyoliver@hotmail.com',320260,65592310222),(18530440524,'Franklin ','Buckley',5408775510,'670 Ann Dr.','jyoliver@msn.com',675973,90311100665),(18696664602,'Deanna ','Hooper',5514716087,'Point Beach, NJ 08742','bbirth@hotmail.com',791954,47436561716),(19350060838,'James ','Yates',5434954709,'Chicopee, MA 01020','jguyer@hotmail.com',763776,38708173109),(20401031872,'Jamir ','Davis',5377260168,'Coachella, CA 92236','ilial@icloud.com',318899,90311100665),(21388697188,'Kellen ','Randolph',5547193403,'394 Mayfair St.','padme@sbcglobal.com',407726,81243634492),(21441609963,'Toby ','Mass',5471507550,'75 Gartner Avenue8','birddog@icloud.com',555555,38708173109),(21769526620,'Colten ','Costa',5302932013,'9217 Highland Street','dodong@aol.com',874626,38708173109),(23628250573,'Lainey ','Claytoq',5500893510,'Peachtree City, GA 30268','jcholewa@icloud.com',222222,81243634492),(25309073886,'Aliyah ','Brady',5417999422,'Skokie, IL 60076','stecoop@yahoo.com',767819,81243634492),(30505829959,'Lilia ','Mooney',5399029704,'569 County St.','sblack@optonline.com',508493,65592310222),(31104400190,'Maggie ','Castro',5477252528,'21 Applegate Road','netsfr@att.com',695464,65592310222),(31944637712,'Helen ','Kirk',5338466301,'299 North Hall Lane','ovprit@att.com',882303,81243634492),(32064404927,'Joel ','Price',5415054773,'9672 West Harvey St.','enintend@me.com',689026,47436561716),(32067793771,'Alannah ','Olson',5373859442,'7785 Marconi St.','overbom@gmail.com',848401,81243634492),(32342924457,'Cindy ','Stokes',5439158617,'Fredericksburg, VA 22405','kuparine@gmail.com',374811,47436561716),(33786452971,'Zaire ','Ellis',5384799243,'Toledo, OH 43612','harryh@aol.com',534717,65592310222),(33817563105,'Alejandro ','David',5549661081,'73 Hillcrest Court','breegster@me.com',206844,38708173109),(33969016182,'Heidy ','Cox',5380166810,'Alpharetta, GA 30004','martink@yahoo.com',101372,65592310222),(34491980654,'River ','Rubio',5515700521,'228 W. Gonzales St.','mkearl@yahoo.com',187821,47436561716),(34991068519,'Shirley ','Rodgers',5539257833,'Racine, WI 53402','hachi@outlook.com',547126,81243634492),(35162563079,'Mina ','Greer',5416371973,'86 Aspen Lane','jhardin@icloud.com',478485,90311100665),(36145588621,'Alaina ','Silva',5487874034,'621 Sycamore Street','bonmots@sbcglobal.com',237907,38708173109),(36399946700,'Tamia ','Ochoa',5367169372,'Canfield, OH 44406','rddesign@optonline.com',394835,81243634492),(36501503413,'Kasey ','Juarez',5308758651,'Attleboro, MA 02703','gravyface@comcast.com',538436,81243634492),(38708173103,'Harrison ','Thompson',5415245870,'Everest Mount, NC 27808','citsnl@icloud.com',111111,47436561716),(39495538945,'Jaidyn ','Guerra',5460404913,'241 Pearl Road','jbearp@sbcglobal.com',674165,90311100665),(41736891065,'Mckenzie ','Jordan',5499244300,'Lake Jackson, TX 77566','bonmots@yahoo.com',292064,47436561716),(42114685249,'Julia ','Donaldson',5401898185,'361 SE. Bridle St.','snunez@yahoo.com',115493,81243634492),(42785255174,'Giovani ','Ortiz',5363786889,'706 Longbranch Ave.','rgarton@outlook.com',603712,90311100665),(42875064360,'Journey ','James',5524870105,'891 Devon Street','osrin@sbcglobal.com',231325,90311100665),(43070406070,'Levi ','Ramos',5392308388,'Corona, NY 11368','slaff@verizon.com',136110,47436561716),(47096556889,'Delilah ','Brock',5548765610,'Sacramento, CA 95820','mxiao@hotmail.com',121222,81243634492),(48299131100,'Sullivan ','Miles',5522402593,'Chaska, MN 55318','hutton@icloud.com',166216,65592310222),(49301825199,'Arabella ','Wilkinson',5378855258,'2 High Noon Dr.','seemant@optonline.com',361255,65592310222),(49492212689,'Alexia ','Robbins',5321105414,'154 Sutor Rd.','benits@yahoo.com',885420,81243634492),(50122342585,'Averie ','Walls',5477550385,'Addison, IL 60101','csilvers@comcast.com',949518,47436561716),(50889805638,'Spencer ','Hampton',5312263474,'Media, PA 19063','dunstan@gmail.com',229275,65592310222),(51606601125,'Araceli ','Dickerson',5540011719,'Elmhurst, NY 11373','ingolfke@yahoo.com',898276,65592310222),(53139872928,'Skylar ','Scott',5367520406,'Macungie, PA 18062','jorgb@att.com',716533,90311100665),(53302170784,'Nayeli ','Frazier',5512833701,'16 Del Monte Court','gtaylor@att.com',634076,38708173109),(55929225548,'Zaiden ','Gilbert',5476218150,'Union City, NJ 07087','kmself@comcast.com',737614,65592310222),(57876227080,'Gregory ','Hunt',5329599111,'641 New Saddle St.','xnormal@comcast.com',504857,47436561716),(58476276013,'Sidney ','Shepherd',5502616577,'8856 Tanglewood Ave.','uraeus@yahoo.com',356162,47436561716),(60728345664,'Raiden ','Strong',5424885354,'7588 Valley Farms Dr.','kuparine@live.com',767611,65592310222),(60894599065,'Adrian ','Griffith',5536337200,'9696 S. Summerhouse Street','jimxugle@sbcglobal.com',153032,47436561716),(61277973321,'Caleb ','Castillo',5404733136,'845 S. Thomas Street','bflong@yahoo.com',491799,90311100665),(62563072370,'Lia ','Blair',5449670590,'Southaven, MS 38671','eimear@yahoo.com',942011,90311100665),(63206428112,'Aaden ','Perez',5478508344,'Metairie, LA 70001','jsnover@live.com',432070,47436561716),(63241014475,'Mitchell ','Williams',5547842495,'West Lafayette, IN 47906','jmmuller@outlook.com',514799,38708173109),(63307537246,'Adriel ','Waller',5512373618,'16 Green Street','hedwig@yahoo.com',325116,90311100665),(65194905172,'Jada ','Carey',5359881085,'Woodhaven, NY 11421','joglo@icloud.com',527494,90311100665),(65889601647,'Briley ','Aguirre',5431440810,'7228 Sulphur Springs Ave.','haddawy@icloud.com',549192,81243634492),(67093350229,'Morgan ','Donovan',5488451755,'Phoenix, AZ 85021','seasweb@verizon.com',421179,90311100665),(69060880960,'Yair ','Pope',5481527497,'8139 Spring Court','airship@me.com',613461,90311100665),(72062622558,'Chloe ','Padilla',5518977494,'Medford, MA 02155','scotfl@verizon.com',407613,38708173109),(73619762644,'Logan ','York',5308525532,'94 Foxrun St.','bartak@verizon.com',805546,47436561716),(76178751357,'Alfonso ','Acosta',5485647316,'920 Country Dr.','dwendlan@yahoo.com',241489,47436561716),(76475955737,'Elaina ','Frazier',5548096347,'North Brunswick, NJ 08902','kudra@att.com',166197,65592310222),(76616853505,'Aliya ','Schroeder',5505274596,'Westwood, NJ 07675','yzheng@comcast.com',399487,38708173109),(77137514801,'Malcolm ','Atkins',5403835755,'78 W. Pulaski St.','mhouston@yahoo.com',286751,38708173109),(79345264957,'Cason ','Sweeney',5477929625,'7671 Wellington Street','shazow@yahoo.com',497596,38708173109),(80026336023,'Jimmy ','Todd',5334497171,'Mechanicsville, VA 23111','odlyzko@icloud.com',339196,90311100665),(80801638545,'Ty ','Powell',5526223070,'Passaic, NJ 07055','valdez@yahoo.com',132826,38708173109),(82644322699,'Colin ','Gaines',5463649927,'Pelham, AL 35124','jigsaw@att.com',832233,90311100665),(82858607327,'Mira ','Butler',5478736457,'Evanston, IL 60201','crusader@me.com',756607,38708173109),(83405901117,'Yazmin ','Woodward',5365188943,'84 East Ave.','agapow@verizon.com',639719,47436561716),(83898702304,'Richard ','Castillo',5429044693,'97 Newport Street','alhajj@outlook.com',822364,65592310222),(84257416985,'Meredith ','Moody',5439101760,'Clover, SC 29710','wildixon@verizon.com',844992,47436561716),(86953805709,'Santino ','Cardenas',5327098117,'Port Washington, NY 11050','linuxhack@gmail.com',441571,90311100665),(87214147833,'Alejandra ','Haynes',5485881746,'67 Newcastle Ave.','grothoff@aol.com',389962,81243634492),(87338418631,'Gavin ','Strickland',5512730720,'Deerfield Beach, FL 33442','karasik@msn.com',525730,65592310222),(87513263326,'Diego ','Mcintyre',5332822408,'Mentor, OH 44060','lcheng@verizon.com',498811,65592310222),(87732333393,'Santos ','Cantu',5474064740,'122 Lake View Dr.','mcrawfor@me.com',154844,65592310222),(88293977623,'Amara ','Douglas',5308774470,'750 Acacia St8.','sherzodr@icloud.com',666666,47436561716),(88447650527,'Marlie ','Webster',5483067386,'New Baltimore, MI 48047','intlprog@optonline.com',227512,81243634492),(88950540090,'Rhianna ','Beard',5520618098,'272 Williams Street','rfoley@msn.com',801696,81243634492),(89384088769,'Adalyn ','Reilly',5448228496,'Hamtramck, MI 48212','shang@comcast.com',801468,38708173109),(90492014359,'Elvis ','Lucero',5439662773,'7946 Littleton Drive','cosimo@live.com',940506,38708173109),(91870688445,'Donald ','Buchanan',5524541771,'Linden, NJ 07036','engelen@comcast.com',619349,38708173109),(92583535449,'Alec ','Escobar',5305012897,'Caldwell, NJ 07006','aegreene@att.com',795395,47436561716),(93553917862,'Braelyn ','Delacruz',5339604655,'9254 Miller Street','giafly@comcast.com',156390,81243634492),(96193392181,'Krish ','Brewer',5397170409,'Trenton, NJ 08610','comdig@aol.com',936757,81243634492),(96353989739,'Gavin ','Pierce',5419771197,'79 Airport St.','dvdotnet@verizon.com',287447,38708173109),(97717877863,'Maxim ','Calderon',5342965915,'407 Birch Hill Dr.','dougj@aol.com',827589,38708173109),(98934763221,'Rebecca ','Robinson',5338189143,'Bridgeport, CT 06606','campware@aol.com',749890,38708173109),(99875403525,'Ian ','Watts',5373644769,'7607 Dogwood Dr.','sjava@hotmail.com',578295,65592310222),(99999999999,'BankAccount','BankAccount',9999999999,'Manhattan/Newyork','bank.bank@gmail.com',0,38708173108);
/*!40000 ALTER TABLE `_1customerinfo` ENABLE KEYS */;
UNLOCK TABLES;

--
-- Table structure for table `_2status`
--

DROP TABLE IF EXISTS `_2status`;
/*!40101 SET @saved_cs_client     = @@character_set_client */;
/*!50503 SET character_set_client = utf8mb4 */;
CREATE TABLE `_2status` (
  `Citizenship_No` decimal(11,0) NOT NULL,
  `Acco_No` decimal(8,0) NOT NULL,
  `Income` decimal(11,0) NOT NULL,
  `Expense` decimal(11,0) NOT NULL,
  `Total_Balance` decimal(11,0) NOT NULL,
  `Currency` int NOT NULL,
  UNIQUE KEY `Acco_No_UNIQUE` (`Acco_No`),
  KEY `statikofromcusto` (`Citizenship_No`),
  KEY `statikfromcurro` (`Currency`),
  CONSTRAINT `statikfromcurro` FOREIGN KEY (`Currency`) REFERENCES `_6currency` (`id`),
  CONSTRAINT `statikofromcusto` FOREIGN KEY (`Citizenship_No`) REFERENCES `_1customerinfo` (`Citizenship_No`)
) ENGINE=InnoDB DEFAULT CHARSET=utf8mb3 COLLATE=utf8_turkish_ci;
/*!40101 SET character_set_client = @saved_cs_client */;

--
-- Dumping data for table `_2status`
--

LOCK TABLES `_2status` WRITE;
/*!40000 ALTER TABLE `_2status` DISABLE KEYS */;
INSERT INTO `_2status` VALUES (21769526620,10491570,7499,0,19513,1),(92583535449,10905772,10000,0,21339,1),(73619762644,11083167,19239,0,21202,1),(36501503413,11425801,18944,0,21274,4),(88293977623,13631796,6892,0,18395,3),(50889805638,14102018,10000,0,28000,1),(49492212689,14235678,14527,0,12100,1),(86953805709,15216588,11505,0,20048,1),(57876227080,15265128,7341,0,25751,2),(87513263326,15871482,7212,0,11500,2),(80026336023,16142178,15925,0,25462,4),(98934763221,16266226,11100,0,26857,3),(31944637712,17086314,6383,0,26496,4),(93553917862,19289842,14076,0,13412,4),(97717877863,21913178,13099,0,12304,4),(65194905172,24782618,7420,0,25798,1),(16774478823,25911843,6124,0,21588,4),(42785255174,26753963,12270,0,14014,3),(10781172747,26791243,17462,0,11309,2),(83405901117,29969699,6809,0,17024,3),(36399946700,30108380,10000,0,19075,2),(53139872928,32954529,15150,0,19130,1),(99875403525,34244495,10889,0,29656,3),(32067793771,34668541,12278,0,15006,3),(20401031872,36445879,19128,0,28754,2),(49301825199,38374804,10000,0,12083,4),(33969016182,39721705,16867,0,10929,2),(33786452971,40631448,17565,0,18468,4),(43070406070,41122515,15483,0,23478,4),(96193392181,42312079,10123,0,20938,2),(30505829959,43524058,9706,0,25021,4),(42114685249,43936259,9782,0,24236,4),(77137514801,45649866,10000,0,28928,1),(61277973321,45984902,10000,0,18352,4),(18530440524,46933736,8088,0,19851,4),(32064404927,47074010,8408,0,26982,3),(38708173103,47772138,10770,0,15405,4),(35162563079,48547309,12068,0,13294,3),(25309073886,48941313,12104,0,11353,1),(96353989739,50655041,10474,0,20312,4),(60728345664,50996440,18593,0,12504,1),(83898702304,51138829,16777,0,23760,3),(10579852864,52135863,14484,0,17402,4),(65889601647,55318488,18705,0,21077,1),(19350060838,57463347,15966,0,28004,1),(84257416985,57935821,12399,0,21444,3),(32342924457,58409310,9748,0,17397,4),(90492014359,58873746,14855,0,24781,3),(89384088769,59242748,13362,0,14496,1),(62563072370,60909122,17251,0,22123,4),(39495538945,60945340,15385,0,20092,2),(82644322699,61285549,6747,0,20128,4),(21441609963,62001149,10739,0,16317,2),(87732333393,66162141,10000,0,11928,3),(55929225548,66474012,19987,0,23727,1),(31104400190,67386678,16572,0,23553,4),(50122342585,68868631,12588,0,23443,2),(79345264957,69135227,19140,0,29551,4),(63206428112,69494480,5020,0,26995,1),(82858607327,70619265,10526,0,28786,2),(69060880960,70778712,8136,0,19249,1),(88447650527,70956618,12943,0,18021,3),(76178751357,71946548,11617,0,27515,3),(87214147833,72570564,7126,0,26484,3),(36145588621,74299014,10000,0,17198,3),(67093350229,74568124,14576,0,15143,2),(41736891065,74624583,11409,0,18252,4),(23628250573,75349686,15428,0,13736,2),(58476276013,75364415,15606,0,24346,2),(76616853505,75710201,18524,0,11665,3),(63307537246,76279610,10940,0,26991,2),(87338418631,76839111,17716,0,10421,2),(53302170784,77057544,13668,0,20421,3),(18696664602,77523644,10000,0,23289,3),(17866363151,79162504,5174,0,13016,1),(34491980654,79986119,15807,0,14154,2),(72062622558,80046545,10000,0,11273,3),(88950540090,80534073,5613,0,16811,2),(48299131100,80734006,19714,0,20273,1),(91870688445,81016124,5112,0,15035,4),(42875064360,82690403,17904,0,18861,4),(80801638545,83399390,10288,0,16963,4),(17551347152,83755978,16166,0,17571,2),(60894599065,83822823,8547,0,27061,1),(10999631469,87889672,10325,0,12639,2),(34991068519,87902068,19587,0,11671,3),(16013096823,88839773,5920,0,44638,1),(51606601125,89125924,16217,0,10471,4),(16102786664,91070889,6251,0,23186,3),(21388697188,92507346,9344,0,27029,1),(63241014475,92668847,16400,0,21546,1),(76475955737,94223504,11399,0,29276,2),(47096556889,94494733,19207,0,26233,1),(33817563105,95887604,10984,0,18111,1),(58476276013,97479406,19253,0,25090,3),(76616853505,98056772,16171,0,11595,2),(63307537246,98160227,9234,0,29675,2),(87338418631,98599482,10527,0,29104,1),(53302170784,99705012,12596,0,11683,4),(18696664602,99988533,10000,0,16672,2),(99999999999,99999999,0,125000,7568963,1);
/*!40000 ALTER TABLE `_2status` ENABLE KEYS */;
UNLOCK TABLES;

--
-- Table structure for table `_3creditsstarter`
--

DROP TABLE IF EXISTS `_3creditsstarter`;
/*!40101 SET @saved_cs_client     = @@character_set_client */;
/*!50503 SET character_set_client = utf8mb4 */;
CREATE TABLE `_3creditsstarter` (
  `Money` decimal(11,0) DEFAULT NULL,
  `Month` decimal(3,0) DEFAULT NULL,
  `Approval_Status` varchar(45) COLLATE utf8_turkish_ci DEFAULT NULL,
  `Citizenship_No` decimal(11,0) NOT NULL,
  `id` int NOT NULL AUTO_INCREMENT,
  `Rates` int NOT NULL,
  PRIMARY KEY (`id`),
  UNIQUE KEY `id_UNIQUE` (`id`),
  KEY `creditofromcusto` (`Citizenship_No`),
  KEY `creditofromratio` (`Rates`),
  CONSTRAINT `creditofromcusto` FOREIGN KEY (`Citizenship_No`) REFERENCES `_1customerinfo` (`Citizenship_No`),
  CONSTRAINT `creditofromratio` FOREIGN KEY (`Rates`) REFERENCES `_7rates` (`id`)
) ENGINE=InnoDB AUTO_INCREMENT=97 DEFAULT CHARSET=utf8mb3 COLLATE=utf8_turkish_ci;
/*!40101 SET character_set_client = @saved_cs_client */;

--
-- Dumping data for table `_3creditsstarter`
--

LOCK TABLES `_3creditsstarter` WRITE;
/*!40000 ALTER TABLE `_3creditsstarter` DISABLE KEYS */;
INSERT INTO `_3creditsstarter` VALUES (70000,24,'Processing',92583535449,1,1),(65000,12,'Processing',73619762644,2,1),(15000,24,'Processing',36501503413,3,1),(30000,24,'Processing',88293977623,4,1),(25000,24,'Processing',50889805638,5,1),(5000,30,'Processing',49492212689,6,1),(85000,48,'Processing',86953805709,7,1),(40000,30,'Processing',57876227080,8,1),(65000,36,'Processing',87513263326,9,1),(5000,30,'Processing',80026336023,10,1),(30000,12,'Processing',98934763221,11,1),(40000,12,'Processing',31944637712,12,1),(50000,48,'Processing',93553917862,13,1),(70000,36,'Processing',97717877863,14,1),(35000,48,'Processing',65194905172,15,1),(10000,48,'Processing',16774478823,16,1),(100000,24,'Approved',42785255174,17,1),(45000,18,'Processing',10781172747,18,1),(85000,24,'Processing',83405901117,19,1),(20000,12,'Processing',36399946700,20,1),(25000,36,'Processing',53139872928,21,1),(20000,36,'Processing',99875403525,22,1),(75000,12,'Processing',32067793771,23,1),(70000,18,'Processing',20401031872,24,1),(20000,30,'Processing',49301825199,25,1),(55000,18,'Processing',33969016182,26,1),(50000,18,'Processing',33786452971,27,1),(60000,12,'Processing',43070406070,28,1),(10000,18,'Processing',96193392181,29,1),(35000,12,'Processing',30505829959,30,1),(25000,18,'Processing',42114685249,31,1),(75000,24,'Processing',77137514801,32,1),(20000,18,'Processing',61277973321,33,1),(25000,12,'Processing',18530440524,34,1),(35000,36,'Processing',32064404927,35,1),(35000,18,'Processing',38708173103,36,1),(40000,18,'Processing',35162563079,37,1),(95000,36,'Processing',25309073886,38,1),(20000,12,'Processing',96353989739,39,1),(10000,24,'Processing',60728345664,40,1),(15000,18,'Processing',83898702304,41,1),(30000,24,'Processing',10579852864,42,1),(70000,24,'Processing',65889601647,43,1),(70000,36,'Processing',19350060838,44,1),(45000,36,'Processing',84257416985,45,1),(25000,24,'Processing',32342924457,46,1),(90000,48,'Processing',90492014359,47,1),(15000,24,'Processing',89384088769,48,1),(60000,18,'Processing',62563072370,49,1),(5000,48,'Processing',39495538945,50,1),(70000,18,'Processing',82644322699,51,1),(80000,30,'Processing',21441609963,52,1),(20000,36,'Processing',87732333393,53,1),(55000,24,'Processing',55929225548,54,1),(40000,24,'Processing',31104400190,55,1),(15000,48,'Processing',50122342585,56,1),(15000,30,'Processing',79345264957,57,1),(30000,48,'Processing',63206428112,58,1),(90000,24,'Processing',82858607327,59,1),(65000,48,'Processing',69060880960,60,1),(85000,24,'Processing',88447650527,61,1),(75000,48,'Processing',76178751357,62,1),(40000,18,'Processing',87214147833,63,1),(50000,36,'Processing',36145588621,64,1),(35000,12,'Processing',67093350229,65,1),(10000,18,'Processing',41736891065,66,1),(60000,30,'Processing',23628250573,67,1),(15000,18,'Processing',58476276013,68,1),(50000,24,'Processing',76616853505,69,1),(80000,12,'Processing',63307537246,70,1),(90000,24,'Processing',87338418631,71,1),(50000,24,'Processing',53302170784,72,1),(5000,18,'Processing',18696664602,73,1),(35000,48,'Processing',17866363151,74,1),(10000,36,'Processing',34491980654,75,1),(55000,12,'Processing',72062622558,76,1),(60000,36,'Processing',88950540090,77,1),(75000,30,'Processing',48299131100,78,1),(5000,48,'Processing',91870688445,79,1),(70000,48,'Processing',42875064360,80,1),(30000,48,'Processing',80801638545,81,1),(15000,30,'Processing',17551347152,82,1),(45000,36,'Processing',60894599065,83,1),(40000,24,'Processing',10999631469,84,1),(25000,36,'Processing',34991068519,85,1),(45000,12,'Approved',16013096823,86,1),(65000,36,'Processing',51606601125,87,1),(15000,36,'Approved',16102786664,88,1),(60000,4,'Processing',21388697188,89,1),(20000,48,'Processing',63241014475,90,1),(90000,18,'Processing',76475955737,91,1),(25000,30,'Processing',47096556889,92,1),(10000,36,'Processing',33817563105,93,1),(35000,48,'Processing',58476276013,94,1),(1000,6,'Processing',16013096823,95,1),(25000,12,'Processing',16013096823,96,1);
/*!40000 ALTER TABLE `_3creditsstarter` ENABLE KEYS */;
UNLOCK TABLES;

--
-- Table structure for table `_4credits`
--

DROP TABLE IF EXISTS `_4credits`;
/*!40101 SET @saved_cs_client     = @@character_set_client */;
/*!50503 SET character_set_client = utf8mb4 */;
CREATE TABLE `_4credits` (
  `Month` decimal(3,0) NOT NULL,
  `Principal` decimal(11,2) NOT NULL,
  `id` int NOT NULL,
  `Interest` decimal(11,2) NOT NULL,
  `RUSF` decimal(11,2) NOT NULL,
  `BITT` decimal(11,2) NOT NULL,
  `Remaining_debt` decimal(11,2) NOT NULL,
  `Payment_Status` varchar(45) NOT NULL DEFAULT 'Unpaid',
  `Pay_Date` datetime DEFAULT NULL,
  `Due_Date` datetime DEFAULT NULL,
  `Late_Interest` decimal(11,2) DEFAULT '0.00',
  KEY `creidfromcredi` (`id`),
  CONSTRAINT `creidfromcredi` FOREIGN KEY (`id`) REFERENCES `_3creditsstarter` (`id`)
) ENGINE=InnoDB DEFAULT CHARSET=utf8mb4 COLLATE=utf8mb4_0900_ai_ci;
/*!40101 SET character_set_client = @saved_cs_client */;

--
-- Dumping data for table `_4credits`
--

LOCK TABLES `_4credits` WRITE;
/*!40000 ALTER TABLE `_4credits` DISABLE KEYS */;
INSERT INTO `_4credits` VALUES (12,3307.16,86,846.00,126.90,42.30,41692.84,'Paid','2022-05-15 00:00:00','2022-06-15 00:00:00',0.00),(11,3381.77,86,783.83,117.57,39.19,38311.07,'Unpaid',NULL,'2022-07-15 00:00:00',0.00),(10,3458.06,86,720.25,108.04,36.01,34853.01,'Unpaid',NULL,'2022-08-15 00:00:00',0.00),(9,3536.07,86,655.24,98.29,32.76,31316.94,'Unpaid',NULL,'2022-09-15 00:00:00',0.00),(8,3615.85,86,588.76,88.31,29.44,27701.09,'Unpaid',NULL,'2022-10-15 00:00:00',0.00),(7,3697.42,86,520.78,78.12,26.04,24003.67,'Unpaid',NULL,'2022-11-15 00:00:00',0.00),(6,3780.84,86,451.27,67.69,22.56,20222.83,'Unpaid',NULL,'2022-12-15 00:00:00',0.00),(5,3866.13,86,380.19,57.03,19.01,16356.70,'Unpaid',NULL,'2023-01-15 00:00:00',0.00),(4,3953.34,86,307.51,46.13,15.38,12403.36,'Unpaid',NULL,'2023-02-15 00:00:00',0.00),(3,4042.54,86,233.18,34.98,11.66,8360.82,'Unpaid',NULL,'2023-03-15 00:00:00',0.00),(2,4133.74,86,157.18,23.58,7.86,4227.08,'Unpaid',NULL,'2023-04-15 00:00:00',0.00),(1,4227.00,86,79.47,11.92,3.97,0.08,'Unpaid',NULL,'2023-05-15 00:00:00',0.00),(36,274.56,88,282.00,42.30,14.10,14725.44,'Unpaid',NULL,'2022-06-16 00:00:00',0.00),(35,280.75,88,276.84,41.53,13.84,14444.69,'Unpaid',NULL,'2022-07-16 00:00:00',0.00),(34,287.09,88,271.56,40.73,13.58,14157.60,'Unpaid',NULL,'2022-08-16 00:00:00',0.00),(33,293.57,88,266.16,39.92,13.31,13864.03,'Unpaid',NULL,'2022-09-16 00:00:00',0.00),(32,300.19,88,260.64,39.10,13.03,13563.84,'Unpaid',NULL,'2022-10-16 00:00:00',0.00),(31,306.96,88,255.00,38.25,12.75,13256.88,'Unpaid',NULL,'2022-11-16 00:00:00',0.00),(30,313.89,88,249.23,37.38,12.46,12942.99,'Unpaid',NULL,'2022-12-16 00:00:00',0.00),(29,320.96,88,243.33,36.50,12.17,12622.03,'Unpaid',NULL,'2023-01-16 00:00:00',0.00),(28,328.22,88,237.29,35.59,11.86,12293.81,'Unpaid',NULL,'2023-02-16 00:00:00',0.00),(27,335.61,88,231.12,34.67,11.56,11958.20,'Unpaid',NULL,'2023-03-16 00:00:00',0.00),(26,343.19,88,224.81,33.72,11.24,11615.01,'Unpaid',NULL,'2023-04-16 00:00:00',0.00),(25,350.93,88,218.36,32.75,10.92,11264.08,'Unpaid',NULL,'2023-05-16 00:00:00',0.00),(24,358.85,88,211.76,31.76,10.59,10905.23,'Unpaid',NULL,'2023-06-16 00:00:00',0.00),(23,366.94,88,205.02,30.75,10.25,10538.29,'Unpaid',NULL,'2023-07-16 00:00:00',0.00),(22,375.21,88,198.12,29.72,9.91,10163.08,'Unpaid',NULL,'2023-08-16 00:00:00',0.00),(21,383.68,88,191.07,28.66,9.55,9779.40,'Unpaid',NULL,'2023-09-16 00:00:00',0.00),(20,392.34,88,183.85,27.58,9.19,9387.06,'Unpaid',NULL,'2023-10-16 00:00:00',0.00),(19,401.19,88,176.48,26.47,8.82,8985.87,'Unpaid',NULL,'2023-11-16 00:00:00',0.00),(18,410.24,88,168.93,25.34,8.45,8575.63,'Unpaid',NULL,'2023-12-16 00:00:00',0.00),(17,419.50,88,161.22,24.18,8.06,8156.13,'Unpaid',NULL,'2024-01-16 00:00:00',0.00),(16,428.95,88,153.34,23.00,7.67,7727.18,'Unpaid',NULL,'2024-02-16 00:00:00',0.00),(15,438.64,88,145.27,21.79,7.26,7288.54,'Unpaid',NULL,'2024-03-16 00:00:00',0.00),(14,448.54,88,137.02,20.55,6.85,6840.00,'Unpaid',NULL,'2024-04-16 00:00:00',0.00),(13,458.65,88,128.59,19.29,6.43,6381.35,'Unpaid',NULL,'2024-05-16 00:00:00',0.00),(12,468.99,88,119.97,18.00,6.00,5912.36,'Unpaid',NULL,'2024-06-16 00:00:00',0.00),(11,479.58,88,111.15,16.67,5.56,5432.78,'Unpaid',NULL,'2024-07-16 00:00:00',0.00),(10,490.39,88,102.14,15.32,5.11,4942.39,'Unpaid',NULL,'2024-08-16 00:00:00',0.00),(9,501.45,88,92.92,13.94,4.65,4440.94,'Unpaid',NULL,'2024-09-16 00:00:00',0.00),(8,512.78,88,83.49,12.52,4.17,3928.16,'Unpaid',NULL,'2024-10-16 00:00:00',0.00),(7,524.34,88,73.85,11.08,3.69,3403.82,'Unpaid',NULL,'2024-11-16 00:00:00',0.00),(6,536.17,88,63.99,9.60,3.20,2867.65,'Unpaid',NULL,'2024-12-16 00:00:00',0.00),(5,548.26,88,53.91,8.09,2.70,2319.39,'Unpaid',NULL,'2025-01-16 00:00:00',0.00),(4,560.64,88,43.60,6.54,2.18,1758.75,'Unpaid',NULL,'2025-02-16 00:00:00',0.00),(3,573.29,88,33.06,4.96,1.65,1185.46,'Unpaid',NULL,'2025-03-16 00:00:00',0.00),(2,586.22,88,22.29,3.34,1.11,599.24,'Unpaid',NULL,'2025-04-16 00:00:00',0.00),(1,599.44,88,11.27,1.69,0.56,0.00,'Unpaid',NULL,'2025-05-16 00:00:00',0.00),(24,3185.67,17,1880.00,282.00,94.00,96814.33,'Unpaid',NULL,'2022-06-18 00:00:00',0.00),(23,3257.53,17,1820.11,273.02,91.01,93556.80,'Unpaid',NULL,'2022-07-18 00:00:00',0.00),(22,3331.03,17,1758.87,263.83,87.94,90225.77,'Unpaid',NULL,'2022-08-18 00:00:00',0.00),(21,3406.18,17,1696.24,254.44,84.81,86819.59,'Unpaid',NULL,'2022-09-18 00:00:00',0.00),(20,3483.02,17,1632.21,244.83,81.61,83336.57,'Unpaid',NULL,'2022-10-18 00:00:00',0.00),(19,3561.59,17,1566.73,235.01,78.34,79774.98,'Unpaid',NULL,'2022-11-18 00:00:00',0.00),(18,3641.94,17,1499.77,224.97,74.99,76133.04,'Unpaid',NULL,'2022-12-18 00:00:00',0.00),(17,3724.11,17,1431.30,214.70,71.56,72408.93,'Unpaid',NULL,'2023-01-18 00:00:00',0.00),(16,3808.13,17,1361.29,204.19,68.06,68600.80,'Unpaid',NULL,'2023-02-18 00:00:00',0.00),(15,3894.03,17,1289.70,193.46,64.48,64706.77,'Unpaid',NULL,'2023-03-18 00:00:00',0.00),(14,3981.89,17,1216.49,182.47,60.82,60724.88,'Unpaid',NULL,'2023-04-18 00:00:00',0.00),(13,4071.72,17,1141.63,171.24,57.08,56653.16,'Unpaid',NULL,'2023-05-18 00:00:00',0.00),(12,4163.58,17,1065.08,159.76,53.25,52489.58,'Unpaid',NULL,'2023-06-18 00:00:00',0.00),(11,4257.51,17,986.80,148.02,49.34,48232.07,'Unpaid',NULL,'2023-07-18 00:00:00',0.00),(10,4353.56,17,906.76,136.01,45.34,43878.51,'Unpaid',NULL,'2023-08-18 00:00:00',0.00),(9,4451.76,17,824.92,123.74,41.25,39426.75,'Unpaid',NULL,'2023-09-18 00:00:00',0.00),(8,4552.21,17,741.22,111.18,37.06,34874.54,'Unpaid',NULL,'2023-10-18 00:00:00',0.00),(7,4654.90,17,655.64,98.35,32.78,30219.64,'Unpaid',NULL,'2023-11-18 00:00:00',0.00),(6,4759.91,17,568.13,85.22,28.41,25459.73,'Unpaid',NULL,'2023-12-18 00:00:00',0.00),(5,4867.30,17,478.64,71.80,23.93,20592.43,'Unpaid',NULL,'2024-01-18 00:00:00',0.00),(4,4977.10,17,387.14,58.07,19.36,15615.33,'Unpaid',NULL,'2024-02-18 00:00:00',0.00),(3,5089.38,17,293.57,44.04,14.68,10525.95,'Unpaid',NULL,'2024-03-18 00:00:00',0.00),(2,5204.21,17,197.89,29.68,9.89,5321.74,'Unpaid',NULL,'2024-04-18 00:00:00',0.00),(1,5321.61,17,100.05,15.01,5.00,0.13,'Unpaid',NULL,'2024-05-18 00:00:00',0.00);
/*!40000 ALTER TABLE `_4credits` ENABLE KEYS */;
UNLOCK TABLES;

--
-- Table structure for table `_5statements`
--

DROP TABLE IF EXISTS `_5statements`;
/*!40101 SET @saved_cs_client     = @@character_set_client */;
/*!50503 SET character_set_client = utf8mb4 */;
CREATE TABLE `_5statements` (
  `Procedure_No` int NOT NULL AUTO_INCREMENT,
  `Source_No` decimal(8,0) NOT NULL,
  `Target_No` decimal(8,0) NOT NULL,
  `Pro` varchar(20) NOT NULL,
  `Balance` decimal(11,2) NOT NULL,
  `Source_Balance` decimal(11,2) DEFAULT NULL,
  `Target_Balance` decimal(11,2) DEFAULT NULL,
  `Date` datetime NOT NULL,
  PRIMARY KEY (`Procedure_No`),
  UNIQUE KEY `Procedure_No_UNIQUE` (`Procedure_No`),
  KEY `montofromacco` (`Source_No`),
  KEY `montofromstatiko2` (`Target_No`),
  CONSTRAINT `montofromacco` FOREIGN KEY (`Source_No`) REFERENCES `_2status` (`Acco_No`),
  CONSTRAINT `montofromstatiko2` FOREIGN KEY (`Target_No`) REFERENCES `_2status` (`Acco_No`)
) ENGINE=InnoDB AUTO_INCREMENT=1068 DEFAULT CHARSET=utf8mb4 COLLATE=utf8mb4_0900_ai_ci;
/*!40101 SET character_set_client = @saved_cs_client */;

--
-- Dumping data for table `_5statements`
--

LOCK TABLES `_5statements` WRITE;
/*!40000 ALTER TABLE `_5statements` DISABLE KEYS */;
INSERT INTO `_5statements` VALUES (1,99988533,99988533,'Withdraw',832.00,246824.76,0.00,'2022-04-21 00:00:00'),(2,74568124,74568124,'Deposit',2553.00,0.00,227577.98,'2022-01-23 00:00:00'),(3,61285549,61285549,'Withdraw',2861.00,372928.76,0.00,'2022-10-19 00:00:00'),(4,48547309,48547309,'Withdraw',935.00,202729.08,0.00,'2022-03-01 00:00:00'),(5,79162504,79162504,'Withdraw',430.00,12586.00,0.00,'2022-11-12 00:00:00'),(6,89125924,89125924,'Deposit',591.00,0.00,196084.57,'2022-01-10 00:00:00'),(7,70778712,70778712,'Deposit',2651.00,0.00,21900.00,'2022-03-12 00:00:00'),(8,68868631,68868631,'Withdraw',2458.00,345904.98,0.00,'2022-06-13 00:00:00'),(9,92507346,92507346,'Deposit',1832.00,0.00,28861.00,'2022-05-25 00:00:00'),(10,83755978,83755978,'Deposit',1113.00,0.00,262218.06,'2022-03-23 00:00:00'),(11,99988533,99988533,'Deposit',326.00,0.00,247982.76,'2022-03-09 00:00:00'),(12,52135863,52135863,'Deposit',2334.00,0.00,327229.34,'2022-07-11 00:00:00'),(13,94223504,94223504,'Deposit',763.00,0.00,435804.36,'2022-10-19 00:00:00'),(14,68868631,68868631,'Deposit',1248.00,0.00,349610.98,'2022-12-20 00:00:00'),(15,80734006,80734006,'Withdraw',1904.00,18369.00,0.00,'2022-05-18 00:00:00'),(16,40631448,40631448,'Withdraw',1574.00,343223.56,0.00,'2022-04-23 00:00:00'),(17,69135227,69135227,'Deposit',2871.00,0.00,554588.17,'2022-02-15 00:00:00'),(18,82690403,82690403,'Withdraw',2938.00,349196.87,0.00,'2022-03-05 00:00:00'),(19,26753963,26753963,'Withdraw',266.00,214428.48,0.00,'2022-11-12 00:00:00'),(20,67386678,67386678,'Deposit',2363.00,0.00,442097.51,'2022-04-14 00:00:00'),(21,10905772,10905772,'Deposit',1950.00,0.00,23289.00,'2022-06-11 00:00:00'),(22,72570564,72570564,'Deposit',1015.00,0.00,406749.88,'2022-08-02 00:00:00'),(23,70778712,70778712,'Withdraw',1129.00,18120.00,0.00,'2022-12-17 00:00:00'),(24,36445879,36445879,'Deposit',2973.00,0.00,430257.44,'2022-04-21 00:00:00'),(25,11083167,11083167,'Withdraw',1272.00,313789.72,0.00,'2022-12-23 00:00:00'),(26,80534073,80534073,'Deposit',1338.00,0.00,251149.46,'2022-08-19 00:00:00'),(27,69135227,69135227,'Deposit',711.00,0.00,552428.17,'2022-02-12 00:00:00'),(28,26791243,26791243,'Deposit',1809.00,0.00,169860.74,'2022-03-23 00:00:00'),(29,99988533,99988533,'Deposit',965.00,0.00,248621.76,'2022-05-13 00:00:00'),(30,81016124,81016124,'Withdraw',2048.00,278655.45,0.00,'2022-03-08 00:00:00'),(31,29969699,29969699,'Deposit',2772.00,0.00,263579.68,'2022-11-08 00:00:00'),(32,45649866,45649866,'Deposit',2146.00,0.00,31074.00,'2022-02-11 00:00:00'),(33,39721705,39721705,'Deposit',2487.00,0.00,164891.94,'2022-04-22 00:00:00'),(34,66474012,66474012,'Withdraw',1714.00,22013.00,0.00,'2022-07-23 00:00:00'),(35,72570564,72570564,'Deposit',910.00,0.00,406644.88,'2022-04-03 00:00:00'),(36,74568124,74568124,'Withdraw',2122.00,222902.98,0.00,'2022-09-26 00:00:00'),(37,10491570,10491570,'Deposit',196.00,0.00,288673.18,'2022-12-09 00:00:00'),(38,67386678,67386678,'Deposit',1822.00,0.00,441556.51,'2022-09-12 00:00:00'),(39,15871482,15871482,'Withdraw',2084.00,168806.00,0.00,'2022-12-23 00:00:00'),(40,24782618,24782618,'Withdraw',1537.00,24261.00,0.00,'2022-07-20 00:00:00'),(41,66474012,66474012,'Deposit',2473.00,0.00,26200.00,'2022-10-20 00:00:00'),(42,99705012,98056772,'Transfer',1315.00,216806.61,173616.70,'2022-12-23 00:00:00'),(43,80734006,14235678,'Transfer',1987.00,18286.00,25173.00,'2022-10-05 00:00:00'),(44,57935821,77523644,'Transfer',159.00,328363.08,207607.12,'2022-10-14 00:00:00'),(45,14235678,24782618,'Transfer',1878.00,21308.00,27676.00,'2022-05-14 00:00:00'),(46,14235678,59242748,'Transfer',2800.00,20386.00,17296.00,'2022-03-10 00:00:00'),(47,87889672,69494480,'Transfer',2074.00,185741.54,29069.00,'2022-06-09 00:00:00'),(48,45649866,74624583,'Transfer',878.00,28050.00,341642.84,'2022-01-17 00:00:00'),(49,60945340,10905772,'Transfer',2342.00,296225.12,23681.00,'2022-11-12 00:00:00'),(50,76839111,71946548,'Transfer',1628.00,153228.06,423157.80,'2022-02-18 00:00:00'),(51,21913178,75710201,'Transfer',2792.00,226923.68,181499.80,'2022-02-24 00:00:00'),(52,24782618,50996440,'Transfer',654.00,25144.00,13158.00,'2022-11-04 00:00:00'),(53,97479406,75349686,'Transfer',2548.00,381830.80,206664.96,'2022-09-18 00:00:00'),(54,98599482,45649866,'Transfer',1291.00,27813.00,30219.00,'2022-01-18 00:00:00'),(55,98599482,15871482,'Transfer',2192.00,26912.00,173082.00,'2022-12-08 00:00:00'),(56,91070889,34244495,'Transfer',2240.00,352969.52,456569.92,'2022-04-16 00:00:00'),(57,30108380,58873746,'Transfer',1782.00,281672.50,381426.92,'2022-01-22 00:00:00'),(58,80046545,15265128,'Transfer',408.00,172294.36,383067.86,'2022-05-27 00:00:00'),(59,55318488,15216588,'Transfer',794.00,20283.00,298707.28,'2022-01-19 00:00:00'),(60,76279610,94494733,'Transfer',1939.00,399147.26,28172.00,'2022-07-26 00:00:00'),(61,79162504,91070889,'Transfer',156.00,12860.00,355365.52,'2022-01-09 00:00:00'),(62,50996440,58409310,'Transfer',2870.00,9634.00,327671.99,'2022-09-15 00:00:00'),(63,98599482,41122515,'Transfer',1261.00,27843.00,439595.26,'2022-07-21 00:00:00'),(64,79162504,76839111,'Transfer',2989.00,10027.00,157845.06,'2022-09-03 00:00:00'),(65,55318488,16142178,'Transfer',1189.00,19888.00,476564.54,'2022-08-03 00:00:00'),(66,80534073,30108380,'Transfer',918.00,248893.46,284372.50,'2022-07-08 00:00:00'),(67,97479406,29969699,'Transfer',825.00,383553.80,261632.68,'2022-05-28 00:00:00'),(68,80534073,48547309,'Transfer',614.00,249197.46,204278.08,'2022-06-04 00:00:00'),(69,80534073,94494733,'Transfer',2532.00,247279.46,28765.00,'2022-09-07 00:00:00'),(70,82690403,34244495,'Transfer',1129.00,351005.87,455458.92,'2022-01-12 00:00:00'),(71,91070889,91070889,'Deposit',2148.00,0.00,357357.52,'2022-12-07 00:00:00'),(72,69494480,25911843,'Transfer',543.00,26452.00,403590.96,'2022-09-13 00:00:00'),(73,82690403,57463347,'Transfer',2279.00,349855.87,30283.00,'2022-05-09 00:00:00'),(74,24782618,26791243,'Transfer',2623.00,23175.00,170674.74,'2022-08-19 00:00:00'),(75,80734006,97479406,'Transfer',1667.00,18606.00,386045.80,'2022-06-04 00:00:00'),(76,41122515,38374804,'Transfer',230.00,438104.26,225819.61,'2022-01-14 00:00:00'),(77,52135863,92507346,'Transfer',570.00,324325.34,27599.00,'2022-03-26 00:00:00'),(78,80046545,11425801,'Transfer',2816.00,169886.36,400001.58,'2022-10-12 00:00:00'),(79,45649866,76839111,'Transfer',2842.00,26086.00,157698.06,'2022-12-21 00:00:00'),(80,11425801,45649866,'Transfer',2700.00,394485.58,31628.00,'2022-12-17 00:00:00'),(81,52135863,48547309,'Transfer',2905.00,321990.34,206569.08,'2022-06-18 00:00:00'),(82,77057544,34244495,'Transfer',1710.00,311139.72,456039.92,'2022-10-01 00:00:00'),(83,99705012,99988533,'Transfer',2710.00,215411.61,250366.76,'2022-01-06 00:00:00'),(84,48547309,75364415,'Transfer',1141.00,202523.08,362922.56,'2022-05-20 00:00:00'),(85,59242748,75364415,'Transfer',470.00,14026.00,362251.56,'2022-05-22 00:00:00'),(86,89125924,79986119,'Transfer',372.00,195121.57,210700.44,'2022-09-17 00:00:00'),(87,97479406,19289842,'Transfer',507.00,383871.80,250909.04,'2022-07-28 00:00:00'),(88,72570564,17086314,'Transfer',1585.00,404149.88,496265.32,'2022-12-25 00:00:00'),(89,48941313,47074010,'Transfer',2318.00,9035.00,415682.24,'2022-10-22 00:00:00'),(90,14235678,80046545,'Transfer',770.00,22416.00,173472.36,'2022-03-26 00:00:00'),(91,70619265,66162141,'Transfer',1734.00,426025.96,184470.96,'2022-10-19 00:00:00'),(92,10905772,68868631,'Transfer',320.00,21019.00,348682.98,'2022-03-07 00:00:00'),(93,50655041,80046545,'Transfer',403.00,378822.04,173105.36,'2022-07-11 00:00:00'),(94,83755978,43524058,'Transfer',726.00,260379.06,467868.07,'2022-06-15 00:00:00'),(95,60909122,98056772,'Transfer',1624.00,411412.41,173925.70,'2022-10-14 00:00:00'),(96,66474012,75364415,'Transfer',2812.00,20915.00,364593.56,'2022-02-24 00:00:00'),(97,95887604,48547309,'Transfer',2318.00,15793.00,205982.08,'2022-02-09 00:00:00'),(98,45984902,61285549,'Transfer',2727.00,339904.84,378516.76,'2022-08-24 00:00:00'),(99,34668541,43524058,'Transfer',2080.00,227811.92,469222.07,'2022-08-17 00:00:00'),(100,79986119,99988533,'Transfer',1896.00,208432.44,249552.76,'2022-10-25 00:00:00'),(101,30108380,92507346,'Transfer',1035.00,282419.50,28064.00,'2022-04-01 00:00:00'),(102,25911843,74624583,'Transfer',1969.00,401078.96,342733.84,'2022-09-15 00:00:00'),(103,41122515,50996440,'Transfer',1154.00,437180.26,13658.00,'2022-10-09 00:00:00'),(104,47772138,98599482,'Transfer',2574.00,285037.35,31678.00,'2022-11-13 00:00:00'),(105,15216588,76839111,'Transfer',2895.00,295018.28,157751.06,'2022-04-13 00:00:00'),(106,80534073,45984902,'Transfer',1742.00,248069.46,344373.84,'2022-03-17 00:00:00'),(107,40631448,69494480,'Transfer',1183.00,343614.56,28178.00,'2022-02-26 00:00:00'),(108,40631448,13631796,'Transfer',2575.00,342222.56,284386.40,'2022-11-14 00:00:00'),(109,79162504,75349686,'Transfer',805.00,12211.00,204921.96,'2022-03-11 00:00:00'),(110,91070889,95887604,'Transfer',1171.00,354038.52,19282.00,'2022-04-20 00:00:00'),(111,38374804,11083167,'Transfer',1704.00,223885.61,316765.72,'2022-07-22 00:00:00'),(112,59242748,24782618,'Transfer',2293.00,12203.00,28091.00,'2022-06-06 00:00:00'),(113,76839111,48547309,'Transfer',835.00,154021.06,204499.08,'2022-12-14 00:00:00'),(114,77523644,80734006,'Transfer',166.00,207282.12,20439.00,'2022-05-06 00:00:00'),(115,66162141,87902068,'Transfer',1548.00,181188.96,180347.72,'2022-03-20 00:00:00'),(116,36445879,99999999,'Payment',2391.00,424893.44,0.00,'2022-10-13 00:00:00'),(117,16266226,71946548,'Transfer',1429.00,410020.24,422958.80,'2022-01-09 00:00:00'),(118,41122515,10905772,'Transfer',1776.00,436558.26,23115.00,'2022-01-18 00:00:00'),(119,70956618,16266226,'Transfer',2598.00,273483.72,414047.24,'2022-10-23 00:00:00'),(120,42312079,72570564,'Transfer',2908.00,308230.68,408642.88,'2022-04-02 00:00:00'),(121,83822823,57935821,'Transfer',1020.00,26041.00,329542.08,'2022-04-20 00:00:00'),(122,70956618,77057544,'Transfer',631.00,275450.72,313480.72,'2022-09-22 00:00:00'),(123,57935821,77057544,'Transfer',2101.00,326421.08,314950.72,'2022-10-15 00:00:00'),(124,91070889,74624583,'Transfer',2811.00,352398.52,343575.84,'2022-10-04 00:00:00'),(125,66162141,91070889,'Transfer',1069.00,181667.96,356278.52,'2022-01-11 00:00:00'),(126,76839111,66162141,'Transfer',2484.00,152372.06,185220.96,'2022-01-07 00:00:00'),(127,83399390,83755978,'Transfer',694.00,316005.21,261799.06,'2022-11-28 00:00:00'),(128,46933736,55318488,'Transfer',818.00,369800.17,21895.00,'2022-08-08 00:00:00'),(129,38374804,14235678,'Transfer',2251.00,223338.61,25437.00,'2022-07-15 00:00:00'),(130,94223504,59242748,'Transfer',2841.00,432200.36,17337.00,'2022-01-25 00:00:00'),(131,74568124,77057544,'Transfer',2275.00,222749.98,315124.72,'2022-10-27 00:00:00'),(132,16266226,10905772,'Transfer',2327.00,409122.24,23666.00,'2022-11-09 00:00:00'),(133,68868631,82690403,'Transfer',2262.00,346100.98,354396.87,'2022-12-13 00:00:00'),(134,80734006,69135227,'Transfer',2559.00,17714.00,554276.17,'2022-10-18 00:00:00'),(135,75349686,42312079,'Transfer',715.00,203401.96,311853.68,'2022-06-12 00:00:00'),(136,74568124,15265128,'Transfer',1192.00,223832.98,383851.86,'2022-11-08 00:00:00'),(137,43524058,14102018,'Transfer',880.00,466262.07,28880.00,'2022-02-07 00:00:00'),(138,83399390,61285549,'Transfer',2728.00,313971.21,378517.76,'2022-04-06 00:00:00'),(139,91070889,70778712,'Transfer',1890.00,353319.52,21139.00,'2022-02-23 00:00:00'),(140,98056772,43524058,'Transfer',630.00,171671.70,467772.07,'2022-10-09 00:00:00'),(141,32954529,66474012,'Transfer',1183.00,17947.00,24910.00,'2022-06-27 00:00:00'),(142,83399390,19289842,'Transfer',2303.00,314396.21,252705.04,'2022-06-18 00:00:00'),(143,69135227,45984902,'Transfer',290.00,551427.17,342921.84,'2022-10-23 00:00:00'),(144,17086314,91070889,'Transfer',1004.00,493676.32,356213.52,'2022-11-04 00:00:00'),(145,88839773,45984902,'Transfer',1765.00,8671.00,344396.84,'2022-03-27 00:00:00'),(146,62001149,13631796,'Transfer',1437.00,241033.62,283248.40,'2022-07-06 00:00:00'),(147,67386678,99999999,'Payment',1112.00,438622.51,0.00,'2022-04-01 00:00:00'),(148,15265128,70956618,'Transfer',1430.00,381229.86,277511.72,'2022-09-27 00:00:00'),(149,70619265,25911843,'Transfer',1177.00,426582.96,404224.96,'2022-06-18 00:00:00'),(150,10491570,57935821,'Transfer',932.00,287545.18,329454.08,'2022-03-06 00:00:00'),(151,57935821,62001149,'Transfer',663.00,327859.08,243133.62,'2022-10-17 00:00:00'),(152,99988533,70619265,'Transfer',2144.00,245512.76,429903.96,'2022-10-02 00:00:00'),(153,13631796,62001149,'Transfer',2131.00,279680.40,244601.62,'2022-05-05 00:00:00'),(154,17086314,66162141,'Transfer',1090.00,493590.32,183826.96,'2022-12-09 00:00:00'),(155,60909122,82690403,'Transfer',868.00,412168.41,353002.87,'2022-11-14 00:00:00'),(156,94494733,30108380,'Transfer',2066.00,24167.00,285520.50,'2022-04-24 00:00:00'),(157,15216588,15871482,'Transfer',1464.00,296449.28,172354.00,'2022-08-25 00:00:00'),(158,19289842,16266226,'Transfer',1112.00,249290.04,412561.24,'2022-08-18 00:00:00'),(159,92668847,83755978,'Transfer',157.00,21389.00,261262.06,'2022-05-14 00:00:00'),(160,74299014,74299014,'Deposit',2877.00,0.00,266350.36,'2022-06-15 00:00:00'),(161,15265128,62001149,'Transfer',2857.00,379802.86,245327.62,'2022-06-02 00:00:00'),(162,30108380,21913178,'Transfer',1595.00,281859.50,231310.68,'2022-12-25 00:00:00'),(163,80534073,50996440,'Transfer',308.00,249503.46,12812.00,'2022-09-28 00:00:00'),(164,70778712,69494480,'Transfer',357.00,18892.00,27352.00,'2022-04-05 00:00:00'),(165,47772138,60909122,'Transfer',321.00,287290.35,413357.41,'2022-01-23 00:00:00'),(166,74568124,21913178,'Transfer',2649.00,222375.98,232364.68,'2022-07-06 00:00:00'),(167,83822823,50655041,'Transfer',1605.00,25456.00,380830.04,'2022-04-24 00:00:00'),(168,77523644,19289842,'Transfer',2074.00,205374.12,252476.04,'2022-06-08 00:00:00'),(169,69494480,47074010,'Transfer',2845.00,24150.00,416209.24,'2022-11-22 00:00:00'),(170,11083167,30108380,'Transfer',789.00,314272.72,284243.50,'2022-01-16 00:00:00'),(171,98056772,71946548,'Transfer',1130.00,171171.70,422659.80,'2022-03-24 00:00:00'),(172,80734006,16266226,'Transfer',888.00,19385.00,412337.24,'2022-03-19 00:00:00'),(173,92668847,25911843,'Transfer',2666.00,18880.00,405713.96,'2022-04-10 00:00:00'),(174,50996440,57935821,'Transfer',852.00,11652.00,329374.08,'2022-10-27 00:00:00'),(175,29969699,45649866,'Transfer',888.00,259919.68,29816.00,'2022-07-24 00:00:00'),(176,46933736,30108380,'Transfer',1279.00,369339.17,284733.50,'2022-03-02 00:00:00'),(177,14235678,57935821,'Transfer',625.00,22561.00,329147.08,'2022-07-12 00:00:00'),(178,69135227,45984902,'Transfer',2363.00,549354.17,344994.84,'2022-02-27 00:00:00'),(179,83822823,75364415,'Transfer',1640.00,25421.00,363421.56,'2022-09-19 00:00:00'),(180,76839111,79986119,'Transfer',722.00,154134.06,211050.44,'2022-02-17 00:00:00'),(181,67386678,40631448,'Transfer',1366.00,438368.51,346163.56,'2022-10-14 00:00:00'),(182,36445879,94223504,'Transfer',678.00,426606.44,435719.36,'2022-04-20 00:00:00'),(183,26791243,99988533,'Transfer',1061.00,166990.74,248717.76,'2022-10-27 00:00:00'),(184,80534073,32954529,'Transfer',1970.00,247841.46,21100.00,'2022-09-06 00:00:00'),(185,66162141,74568124,'Transfer',461.00,182275.96,225485.98,'2022-11-10 00:00:00'),(186,47074010,70778712,'Transfer',393.00,412971.24,19642.00,'2022-01-18 00:00:00'),(187,59242748,69135227,'Transfer',2315.00,12181.00,554032.17,'2022-11-24 00:00:00'),(188,30108380,77057544,'Transfer',2152.00,281302.50,315001.72,'2022-10-17 00:00:00'),(189,87902068,45649866,'Transfer',1881.00,176918.72,30809.00,'2022-07-20 00:00:00'),(190,50655041,74299014,'Transfer',2783.00,376442.04,266256.36,'2022-12-28 00:00:00'),(191,41122515,15216588,'Transfer',2875.00,435459.26,300788.28,'2022-08-23 00:00:00'),(192,77523644,70956618,'Transfer',1711.00,205737.12,277792.72,'2022-10-12 00:00:00'),(193,55318488,98599482,'Transfer',2691.00,18386.00,31795.00,'2022-12-17 00:00:00'),(194,87889672,83822823,'Transfer',2860.00,184955.54,29921.00,'2022-03-01 00:00:00'),(195,48941313,74299014,'Transfer',199.00,11154.00,263672.36,'2022-07-19 00:00:00'),(196,67386678,14102018,'Transfer',2011.00,437723.51,30011.00,'2022-09-22 00:00:00'),(197,11425801,74624583,'Transfer',1082.00,396103.58,341846.84,'2022-03-10 00:00:00'),(198,98160227,70956618,'Transfer',2287.00,438683.50,278368.72,'2022-04-10 00:00:00'),(199,83822823,75364415,'Transfer',2241.00,24820.00,364022.56,'2022-10-05 00:00:00'),(200,79986119,34668541,'Transfer',375.00,209953.44,230266.92,'2022-02-09 00:00:00'),(201,92668847,60945340,'Transfer',2974.00,18572.00,301541.12,'2022-12-25 00:00:00'),(202,51138829,57935821,'Transfer',2562.00,361441.20,331084.08,'2022-03-19 00:00:00'),(203,47074010,69494480,'Transfer',2614.00,410750.24,29609.00,'2022-10-28 00:00:00'),(204,99988533,38374804,'Transfer',1702.00,245954.76,227291.61,'2022-08-02 00:00:00'),(205,15871482,40631448,'Transfer',1778.00,169112.00,346575.56,'2022-08-28 00:00:00'),(206,17086314,41122515,'Transfer',2344.00,492336.32,440678.26,'2022-11-19 00:00:00'),(207,94223504,66162141,'Transfer',2248.00,432793.36,184984.96,'2022-12-16 00:00:00'),(208,29969699,80046545,'Transfer',1306.00,259501.68,174008.36,'2022-05-03 00:00:00'),(209,17086314,99999999,'Payment',1441.00,493239.32,0.00,'2022-12-11 00:00:00'),(210,89125924,77057544,'Transfer',1732.00,193761.57,314581.72,'2022-04-28 00:00:00'),(211,10491570,15871482,'Transfer',2827.00,285650.18,173717.00,'2022-02-11 00:00:00'),(212,52135863,66474012,'Transfer',732.00,324163.34,24459.00,'2022-08-14 00:00:00'),(213,58873746,40631448,'Transfer',1718.00,377926.92,346515.56,'2022-12-22 00:00:00'),(214,76279610,15265128,'Transfer',2353.00,398733.26,385012.86,'2022-03-09 00:00:00'),(215,66474012,36445879,'Transfer',2062.00,21665.00,429346.44,'2022-04-11 00:00:00'),(216,83755978,42312079,'Transfer',1683.00,259422.06,312821.68,'2022-05-13 00:00:00'),(217,70778712,15265128,'Transfer',2815.00,16434.00,385474.86,'2022-07-01 00:00:00'),(218,24782618,51138829,'Transfer',2681.00,23117.00,366684.20,'2022-05-04 00:00:00'),(219,76839111,43524058,'Transfer',1965.00,152891.06,469107.07,'2022-09-02 00:00:00'),(220,41122515,46933736,'Transfer',2482.00,435852.26,373100.17,'2022-07-19 00:00:00'),(221,62001149,38374804,'Transfer',1143.00,241327.62,226732.61,'2022-08-08 00:00:00'),(222,80534073,36445879,'Transfer',566.00,249245.46,427850.44,'2022-01-27 00:00:00'),(223,92507346,81016124,'Transfer',2207.00,24822.00,282910.45,'2022-11-26 00:00:00'),(224,62001149,47772138,'Transfer',1228.00,241242.62,288839.35,'2022-06-24 00:00:00'),(225,74568124,36445879,'Transfer',758.00,224266.98,428042.44,'2022-03-23 00:00:00'),(226,58873746,39721705,'Transfer',1026.00,378618.92,163430.94,'2022-01-11 00:00:00'),(227,98160227,47074010,'Transfer',2868.00,438102.50,416232.24,'2022-12-11 00:00:00'),(228,87902068,39721705,'Transfer',1189.00,177610.72,163593.94,'2022-06-23 00:00:00'),(229,16142178,45649866,'Transfer',2400.00,472975.54,31328.00,'2022-01-02 00:00:00'),(230,95887604,38374804,'Transfer',923.00,17188.00,226512.61,'2022-12-21 00:00:00'),(231,74568124,61285549,'Transfer',2782.00,222242.98,378571.76,'2022-12-26 00:00:00'),(232,36445879,70956618,'Transfer',1209.00,426075.44,277290.72,'2022-04-15 00:00:00'),(233,62001149,98599482,'Transfer',1172.00,241298.62,30276.00,'2022-03-05 00:00:00'),(234,87902068,77057544,'Transfer',946.00,177853.72,313795.72,'2022-03-15 00:00:00'),(235,75349686,11425801,'Transfer',1276.00,202840.96,398461.58,'2022-09-18 00:00:00'),(236,14235678,21913178,'Transfer',2159.00,21027.00,231874.68,'2022-10-22 00:00:00'),(237,16142178,10905772,'Transfer',1827.00,473548.54,23166.00,'2022-11-01 00:00:00'),(238,61285549,15265128,'Transfer',448.00,375341.76,383107.86,'2022-02-27 00:00:00'),(239,66162141,39721705,'Transfer',1614.00,181122.96,164018.94,'2022-06-08 00:00:00'),(240,59242748,83822823,'Transfer',2124.00,12372.00,29185.00,'2022-10-03 00:00:00'),(241,88839773,74299014,'Transfer',514.00,9922.00,263987.36,'2022-12-23 00:00:00'),(242,75710201,98160227,'Transfer',685.00,178022.80,441655.50,'2022-05-11 00:00:00'),(243,46933736,45984902,'Transfer',1397.00,369221.17,344028.84,'2022-11-08 00:00:00'),(244,80534073,14102018,'Transfer',926.00,248885.46,28926.00,'2022-10-07 00:00:00'),(245,10491570,97479406,'Transfer',977.00,287500.18,385355.80,'2022-08-28 00:00:00'),(246,75364415,42312079,'Transfer',2999.00,358782.56,314137.68,'2022-02-09 00:00:00'),(247,75710201,15265128,'Transfer',894.00,177813.80,383553.86,'2022-05-19 00:00:00'),(248,70956618,46933736,'Transfer',435.00,275646.72,371053.17,'2022-10-01 00:00:00'),(249,61285549,14102018,'Transfer',1720.00,374069.76,29720.00,'2022-11-21 00:00:00'),(250,80534073,13631796,'Transfer',1695.00,248116.46,283506.40,'2022-03-20 00:00:00'),(251,92668847,26791243,'Transfer',1489.00,20057.00,169540.74,'2022-11-21 00:00:00'),(252,11425801,94494733,'Transfer',2062.00,395123.58,28295.00,'2022-08-20 00:00:00'),(253,59242748,26753963,'Transfer',604.00,13892.00,215298.48,'2022-01-28 00:00:00'),(254,69135227,47772138,'Transfer',1877.00,549840.17,289488.35,'2022-03-18 00:00:00'),(255,60945340,50996440,'Transfer',352.00,298215.12,12856.00,'2022-03-28 00:00:00'),(256,51138829,47074010,'Transfer',460.00,363543.20,413824.24,'2022-01-24 00:00:00'),(257,40631448,21913178,'Transfer',2069.00,342728.56,231784.68,'2022-04-12 00:00:00'),(258,70619265,98056772,'Transfer',1182.00,426577.96,173483.70,'2022-09-01 00:00:00'),(259,72570564,45984902,'Transfer',1026.00,404708.88,343657.84,'2022-11-03 00:00:00'),(260,95887604,89125924,'Transfer',2392.00,15719.00,197885.57,'2022-06-25 00:00:00'),(261,76839111,80534073,'Transfer',529.00,154327.06,250340.46,'2022-01-07 00:00:00'),(262,94223504,11425801,'Transfer',2535.00,432506.36,399720.58,'2022-01-28 00:00:00'),(263,15216588,94223504,'Transfer',1920.00,295993.28,436961.36,'2022-11-08 00:00:00'),(264,94223504,10491570,'Transfer',2223.00,432818.36,290700.18,'2022-02-20 00:00:00'),(265,75710201,41122515,'Transfer',2097.00,176610.80,440431.26,'2022-09-28 00:00:00'),(266,15871482,99705012,'Transfer',1844.00,169046.00,219965.61,'2022-03-26 00:00:00'),(267,40631448,62001149,'Transfer',2606.00,342191.56,245076.62,'2022-04-08 00:00:00'),(268,71946548,21913178,'Transfer',459.00,421070.80,230174.68,'2022-09-10 00:00:00'),(269,99705012,70619265,'Transfer',1313.00,216808.61,429072.96,'2022-11-07 00:00:00'),(270,98160227,43524058,'Transfer',2464.00,438506.50,469606.07,'2022-08-26 00:00:00'),(271,79986119,62001149,'Transfer',1279.00,209049.44,243749.62,'2022-02-23 00:00:00'),(272,77057544,99988533,'Transfer',2640.00,310209.72,250296.76,'2022-07-10 00:00:00'),(273,40631448,34668541,'Transfer',1435.00,343362.56,231326.92,'2022-01-25 00:00:00'),(274,77057544,39721705,'Transfer',1967.00,310882.72,164371.94,'2022-07-22 00:00:00'),(275,21913178,26753963,'Transfer',1885.00,227830.68,216579.48,'2022-02-16 00:00:00'),(276,83822823,14235678,'Transfer',1985.00,25076.00,25171.00,'2022-07-25 00:00:00'),(277,21913178,43936259,'Transfer',1521.00,228194.68,454007.12,'2022-12-23 00:00:00'),(278,16142178,55318488,'Transfer',2611.00,472764.54,23688.00,'2022-02-04 00:00:00'),(279,61285549,15216588,'Transfer',1989.00,373800.76,299902.28,'2022-08-19 00:00:00'),(280,76279610,74568124,'Transfer',486.00,400600.26,225510.98,'2022-12-17 00:00:00'),(281,94494733,42312079,'Transfer',1148.00,25085.00,312286.68,'2022-05-15 00:00:00'),(282,15265128,11425801,'Transfer',2249.00,380410.86,399434.58,'2022-10-13 00:00:00'),(283,80046545,59242748,'Transfer',2981.00,169721.36,17477.00,'2022-05-06 00:00:00'),(284,92668847,43524058,'Transfer',2653.00,18893.00,469795.07,'2022-07-22 00:00:00'),(285,57935821,45984902,'Transfer',723.00,327799.08,343354.84,'2022-02-06 00:00:00'),(286,76279610,76279610,'Deposit',2785.00,0.00,403871.26,'2022-05-20 00:00:00'),(287,68868631,80734006,'Transfer',858.00,347504.98,21131.00,'2022-11-05 00:00:00'),(288,15216588,11425801,'Transfer',2348.00,295565.28,399533.58,'2022-11-02 00:00:00'),(289,58873746,48941313,'Transfer',2009.00,377635.92,13362.00,'2022-09-11 00:00:00'),(290,99988533,68868631,'Transfer',1985.00,245671.76,350347.98,'2022-07-25 00:00:00'),(291,21913178,51138829,'Transfer',1820.00,227895.68,365823.20,'2022-07-16 00:00:00'),(292,34244495,83822823,'Transfer',2013.00,452316.92,29074.00,'2022-12-22 00:00:00'),(293,11425801,29969699,'Transfer',233.00,396952.58,261040.68,'2022-08-22 00:00:00'),(294,34244495,48941313,'Transfer',2192.00,452137.92,13545.00,'2022-08-05 00:00:00'),(295,50996440,94223504,'Transfer',1241.00,11263.00,436282.36,'2022-06-08 00:00:00'),(296,76839111,70619265,'Transfer',582.00,154274.06,428341.96,'2022-08-23 00:00:00'),(297,77523644,46933736,'Transfer',2260.00,205188.12,372878.17,'2022-08-19 00:00:00'),(298,92507346,83755978,'Transfer',2673.00,24356.00,263778.06,'2022-09-25 00:00:00'),(299,43936259,17086314,'Transfer',1141.00,451345.12,495821.32,'2022-08-22 00:00:00'),(300,57463347,67386678,'Transfer',2227.00,25777.00,441961.51,'2022-08-02 00:00:00'),(301,94494733,94494733,'Deposit',1862.00,0.00,28095.00,'2022-07-05 00:00:00'),(302,79986119,21913178,'Transfer',2863.00,207465.44,232578.68,'2022-06-16 00:00:00'),(303,74299014,98056772,'Transfer',904.00,262569.36,173205.70,'2022-08-11 00:00:00'),(304,45649866,39721705,'Transfer',256.00,28672.00,162660.94,'2022-04-14 00:00:00'),(305,39721705,87902068,'Transfer',2798.00,159606.94,181597.72,'2022-01-06 00:00:00'),(306,74299014,75710201,'Transfer',161.00,263312.36,178868.80,'2022-02-10 00:00:00'),(307,69494480,43524058,'Transfer',2858.00,24137.00,470000.07,'2022-05-11 00:00:00'),(308,40631448,36445879,'Transfer',2235.00,342562.56,429519.44,'2022-02-26 00:00:00'),(309,36445879,79162504,'Transfer',173.00,427111.44,13189.00,'2022-10-03 00:00:00'),(310,92668847,36445879,'Transfer',2660.00,18886.00,429944.44,'2022-03-08 00:00:00'),(311,72570564,76839111,'Transfer',1236.00,404498.88,156092.06,'2022-08-04 00:00:00'),(312,43524058,71946548,'Transfer',2254.00,464888.07,423783.80,'2022-07-26 00:00:00'),(313,75710201,36445879,'Transfer',2132.00,176575.80,429416.44,'2022-03-17 00:00:00'),(314,74568124,98056772,'Transfer',715.00,224309.98,173016.70,'2022-01-10 00:00:00'),(315,83399390,80534073,'Transfer',2522.00,314177.21,252333.46,'2022-02-04 00:00:00'),(316,75710201,26753963,'Transfer',2932.00,175775.80,217626.48,'2022-07-01 00:00:00'),(317,79986119,14102018,'Transfer',2638.00,207690.44,30638.00,'2022-08-06 00:00:00'),(318,47074010,14102018,'Transfer',2671.00,410693.24,30671.00,'2022-01-05 00:00:00'),(319,76839111,14235678,'Transfer',1590.00,153266.06,24776.00,'2022-05-11 00:00:00'),(320,48547309,13631796,'Transfer',1100.00,202564.08,282911.40,'2022-07-18 00:00:00'),(321,42312079,48547309,'Transfer',2974.00,308164.68,206638.08,'2022-09-23 00:00:00'),(322,67386678,67386678,'Withdraw',1292.00,438442.51,0.00,'2022-01-27 00:00:00'),(323,97479406,24782618,'Transfer',1439.00,382939.80,27237.00,'2022-09-03 00:00:00'),(324,36445879,15871482,'Transfer',2242.00,425042.44,173132.00,'2022-04-22 00:00:00'),(325,55318488,15216588,'Transfer',1587.00,19490.00,299500.28,'2022-09-05 00:00:00'),(326,61285549,67386678,'Transfer',958.00,374831.76,440692.51,'2022-05-12 00:00:00'),(327,77057544,43524058,'Transfer',2590.00,310259.72,469732.07,'2022-06-06 00:00:00'),(328,11083167,29969699,'Transfer',498.00,314563.72,261305.68,'2022-08-20 00:00:00'),(329,76279610,36445879,'Transfer',1032.00,400054.26,428316.44,'2022-08-23 00:00:00'),(330,46933736,77057544,'Transfer',2111.00,368507.17,314960.72,'2022-09-19 00:00:00'),(331,81016124,10905772,'Transfer',2766.00,277937.45,24105.00,'2022-05-09 00:00:00'),(332,14102018,39721705,'Transfer',2850.00,25150.00,165254.94,'2022-11-16 00:00:00'),(333,11083167,89125924,'Transfer',1907.00,313154.72,197400.57,'2022-03-03 00:00:00'),(334,34668541,26791243,'Transfer',758.00,229133.92,168809.74,'2022-04-21 00:00:00'),(335,87889672,87889672,'Deposit',1216.00,0.00,189031.54,'2022-06-12 00:00:00'),(336,74624583,81016124,'Transfer',215.00,340549.84,280918.45,'2022-10-25 00:00:00'),(337,48547309,83755978,'Transfer',2039.00,201625.08,263144.06,'2022-10-05 00:00:00'),(338,58409310,16266226,'Transfer',396.00,324405.99,411845.24,'2022-02-12 00:00:00'),(339,51138829,19289842,'Transfer',952.00,363051.20,251354.04,'2022-10-13 00:00:00'),(340,32954529,79986119,'Transfer',1482.00,17648.00,211810.44,'2022-01-25 00:00:00'),(341,83399390,80734006,'Transfer',2770.00,313929.21,23043.00,'2022-12-08 00:00:00'),(342,70778712,34668541,'Transfer',1142.00,18107.00,231033.92,'2022-01-03 00:00:00'),(343,70956618,79986119,'Transfer',2970.00,273111.72,213298.44,'2022-02-11 00:00:00'),(344,51138829,83755978,'Transfer',1215.00,362788.20,262320.06,'2022-10-12 00:00:00'),(345,38374804,36445879,'Transfer',2210.00,223379.61,429494.44,'2022-06-14 00:00:00'),(346,70619265,26753963,'Transfer',2580.00,425179.96,217274.48,'2022-10-15 00:00:00'),(347,21913178,55318488,'Transfer',2925.00,226790.68,24002.00,'2022-12-22 00:00:00'),(348,10491570,62001149,'Transfer',2213.00,286264.18,244683.62,'2022-09-28 00:00:00'),(349,15216588,80734006,'Transfer',2150.00,295763.28,22423.00,'2022-05-18 00:00:00'),(350,62001149,81016124,'Transfer',2334.00,240136.62,283037.45,'2022-09-12 00:00:00'),(351,76279610,48547309,'Transfer',1986.00,399100.26,205650.08,'2022-05-02 00:00:00'),(352,77523644,16266226,'Transfer',2342.00,205106.12,413791.24,'2022-11-09 00:00:00'),(353,34244495,15265128,'Transfer',2780.00,451549.92,385439.86,'2022-02-08 00:00:00'),(354,16142178,98160227,'Transfer',2557.00,472818.54,443527.50,'2022-10-26 00:00:00'),(355,47074010,68868631,'Transfer',512.00,412852.24,348874.98,'2022-02-06 00:00:00'),(356,14235678,21913178,'Transfer',181.00,23005.00,229896.68,'2022-08-05 00:00:00'),(357,83399390,69494480,'Transfer',1841.00,314858.21,28836.00,'2022-11-11 00:00:00'),(358,97479406,98160227,'Transfer',2725.00,381653.80,443695.50,'2022-07-25 00:00:00'),(359,43936259,98599482,'Transfer',1046.00,451440.12,30150.00,'2022-03-01 00:00:00'),(360,16266226,32954529,'Transfer',219.00,411230.24,19349.00,'2022-02-24 00:00:00'),(361,97479406,57935821,'Transfer',1662.00,382716.80,330184.08,'2022-08-09 00:00:00'),(362,99705012,16266226,'Transfer',2752.00,215369.61,414201.24,'2022-01-18 00:00:00'),(363,87902068,69494480,'Transfer',1893.00,176906.72,28888.00,'2022-02-06 00:00:00'),(364,79162504,83755978,'Transfer',2941.00,10075.00,264046.06,'2022-03-24 00:00:00'),(365,75710201,99999999,'Payment',408.00,178299.80,0.00,'2022-05-14 00:00:00'),(366,99705012,26791243,'Transfer',1921.00,216200.61,169972.74,'2022-05-11 00:00:00'),(367,98599482,26791243,'Transfer',448.00,28656.00,168499.74,'2022-06-24 00:00:00'),(368,97479406,89125924,'Transfer',1617.00,382761.80,197110.57,'2022-10-01 00:00:00'),(369,66474012,61285549,'Transfer',656.00,23071.00,376445.76,'2022-02-19 00:00:00'),(370,29969699,11425801,'Transfer',1504.00,259303.68,398689.58,'2022-03-19 00:00:00'),(371,94494733,74299014,'Transfer',680.00,25553.00,264153.36,'2022-07-24 00:00:00'),(372,61285549,87902068,'Transfer',1541.00,374248.76,180340.72,'2022-06-20 00:00:00'),(373,75710201,89125924,'Transfer',2133.00,176574.80,197626.57,'2022-02-25 00:00:00'),(374,10905772,66474012,'Transfer',2997.00,18342.00,26724.00,'2022-03-19 00:00:00'),(375,69135227,67386678,'Transfer',2337.00,549380.17,442071.51,'2022-09-06 00:00:00'),(376,43524058,29969699,'Transfer',2695.00,464447.07,263502.68,'2022-12-13 00:00:00'),(377,94223504,46933736,'Transfer',2071.00,432970.36,372689.17,'2022-06-20 00:00:00'),(378,83822823,45649866,'Transfer',620.00,26441.00,29548.00,'2022-04-28 00:00:00'),(379,14235678,60909122,'Transfer',2588.00,20598.00,415624.41,'2022-11-08 00:00:00'),(380,36445879,87889672,'Transfer',491.00,426793.44,188306.54,'2022-04-24 00:00:00'),(381,16142178,98160227,'Transfer',2744.00,472631.54,443714.50,'2022-08-14 00:00:00'),(382,16142178,25911843,'Transfer',932.00,474443.54,403979.96,'2022-02-08 00:00:00'),(383,52135863,11425801,'Transfer',398.00,324497.34,397583.58,'2022-03-21 00:00:00'),(384,97479406,62001149,'Transfer',2208.00,382170.80,244678.62,'2022-02-26 00:00:00'),(385,68868631,71946548,'Transfer',333.00,348029.98,421862.80,'2022-04-12 00:00:00'),(386,94223504,24782618,'Transfer',931.00,434110.36,26729.00,'2022-12-25 00:00:00'),(387,57463347,58873746,'Transfer',1147.00,26857.00,380791.92,'2022-01-08 00:00:00'),(388,77057544,69494480,'Transfer',2768.00,310081.72,29763.00,'2022-04-07 00:00:00'),(389,16142178,97479406,'Transfer',911.00,474464.54,385289.80,'2022-10-16 00:00:00'),(390,89125924,52135863,'Transfer',972.00,194521.57,325867.34,'2022-06-26 00:00:00'),(391,95887604,75710201,'Transfer',1164.00,16947.00,179871.80,'2022-03-20 00:00:00'),(392,47772138,97479406,'Transfer',1920.00,285691.35,386298.80,'2022-10-24 00:00:00'),(393,62001149,47772138,'Transfer',1531.00,240939.62,289142.35,'2022-02-23 00:00:00'),(394,91070889,95887604,'Transfer',1023.00,354186.52,19134.00,'2022-08-25 00:00:00'),(395,72570564,99988533,'Transfer',981.00,404753.88,248637.76,'2022-10-20 00:00:00'),(396,14235678,70956618,'Transfer',2633.00,20553.00,278714.72,'2022-09-04 00:00:00'),(397,62001149,87902068,'Transfer',561.00,241909.62,179360.72,'2022-01-19 00:00:00'),(398,14235678,30108380,'Transfer',598.00,22588.00,284052.50,'2022-10-23 00:00:00'),(399,47772138,80046545,'Transfer',770.00,286841.35,173472.36,'2022-08-22 00:00:00'),(400,69494480,42312079,'Transfer',2598.00,24397.00,313736.68,'2022-09-28 00:00:00'),(401,79986119,69135227,'Transfer',1030.00,209298.44,552747.17,'2022-07-20 00:00:00'),(402,87889672,19289842,'Transfer',1224.00,186591.54,251626.04,'2022-11-06 00:00:00'),(403,83822823,89125924,'Transfer',1960.00,25101.00,197453.57,'2022-08-27 00:00:00'),(404,62001149,99988533,'Transfer',2928.00,239542.62,250584.76,'2022-11-18 00:00:00'),(405,92668847,13631796,'Transfer',736.00,20810.00,282547.40,'2022-12-11 00:00:00'),(406,83399390,80046545,'Transfer',1557.00,315142.21,174259.36,'2022-12-06 00:00:00'),(407,76279610,87902068,'Transfer',2066.00,399020.26,180865.72,'2022-06-12 00:00:00'),(408,14235678,45649866,'Transfer',1680.00,21506.00,30608.00,'2022-07-23 00:00:00'),(409,26753963,47074010,'Transfer',1936.00,212758.48,415300.24,'2022-08-20 00:00:00'),(410,50996440,68868631,'Transfer',2429.00,10075.00,350791.98,'2022-01-08 00:00:00'),(411,80046545,91070889,'Transfer',2874.00,169828.36,358083.52,'2022-09-22 00:00:00'),(412,15265128,36445879,'Transfer',1319.00,381340.86,428603.44,'2022-10-04 00:00:00'),(413,70778712,30108380,'Transfer',2665.00,16584.00,286119.50,'2022-04-06 00:00:00'),(414,50996440,60909122,'Transfer',547.00,11957.00,413583.41,'2022-12-21 00:00:00'),(415,89125924,19289842,'Transfer',1956.00,193537.57,252358.04,'2022-01-26 00:00:00'),(416,57935821,29969699,'Transfer',1086.00,327436.08,261893.68,'2022-05-12 00:00:00'),(417,39721705,95887604,'Transfer',1613.00,160791.94,19724.00,'2022-02-16 00:00:00'),(418,70619265,47074010,'Transfer',256.00,427503.96,413620.24,'2022-10-12 00:00:00'),(419,74568124,43936259,'Transfer',1224.00,223800.98,453710.12,'2022-04-09 00:00:00'),(420,47772138,69135227,'Transfer',1802.00,285809.35,553519.17,'2022-11-24 00:00:00'),(421,55318488,59242748,'Transfer',2424.00,18653.00,16920.00,'2022-10-08 00:00:00'),(422,66474012,75710201,'Transfer',1636.00,22091.00,180343.80,'2022-07-07 00:00:00'),(423,81016124,91070889,'Transfer',2303.00,278400.45,357512.52,'2022-04-14 00:00:00'),(424,98160227,92668847,'Transfer',674.00,440296.50,22220.00,'2022-06-05 00:00:00'),(425,95887604,39721705,'Transfer',2863.00,15248.00,165267.94,'2022-06-17 00:00:00'),(426,82690403,89125924,'Transfer',2753.00,349381.87,198246.57,'2022-06-25 00:00:00'),(427,82690403,81016124,'Transfer',179.00,351955.87,280882.45,'2022-05-02 00:00:00'),(428,16266226,77523644,'Transfer',1159.00,410290.24,208607.12,'2022-06-27 00:00:00'),(429,74299014,34244495,'Transfer',606.00,262867.36,454935.92,'2022-02-06 00:00:00'),(430,52135863,14102018,'Transfer',2952.00,321943.34,30952.00,'2022-08-03 00:00:00'),(431,32954529,70778712,'Transfer',1424.00,17706.00,20673.00,'2022-03-10 00:00:00'),(432,14102018,15216588,'Transfer',2212.00,25788.00,300125.28,'2022-08-01 00:00:00'),(433,75364415,69494480,'Transfer',1107.00,360674.56,28102.00,'2022-08-16 00:00:00'),(434,80534073,83822823,'Transfer',1049.00,248762.46,28110.00,'2022-10-07 00:00:00'),(435,11083167,99999999,'Payment',2367.00,312694.72,0.00,'2022-02-06 00:00:00'),(436,15265128,10491570,'Transfer',2193.00,380466.86,290670.18,'2022-09-12 00:00:00'),(437,82690403,15871482,'Transfer',2093.00,350041.87,172983.00,'2022-01-13 00:00:00'),(438,55318488,15871482,'Transfer',2412.00,18665.00,173302.00,'2022-09-11 00:00:00'),(439,83755978,74568124,'Transfer',468.00,260637.06,225492.98,'2022-01-17 00:00:00'),(440,17086314,82690403,'Transfer',127.00,494553.32,352261.87,'2022-04-09 00:00:00'),(441,89125924,71946548,'Transfer',1761.00,193732.57,423290.80,'2022-10-22 00:00:00'),(442,57463347,98599482,'Transfer',1040.00,26964.00,30144.00,'2022-07-19 00:00:00'),(443,91070889,75710201,'Transfer',2122.00,353087.52,180829.80,'2022-05-09 00:00:00'),(444,88839773,43936259,'Transfer',239.00,10197.00,452725.12,'2022-07-12 00:00:00'),(445,60909122,26753963,'Transfer',121.00,412915.41,214815.48,'2022-05-21 00:00:00'),(446,75364415,32954529,'Transfer',523.00,361258.56,19653.00,'2022-09-24 00:00:00'),(447,99988533,95887604,'Transfer',1908.00,245748.76,20019.00,'2022-04-22 00:00:00'),(448,11083167,50996440,'Transfer',1630.00,313431.72,14134.00,'2022-03-07 00:00:00'),(449,59242748,94494733,'Transfer',148.00,14348.00,26381.00,'2022-09-26 00:00:00'),(450,94494733,89125924,'Transfer',1794.00,24439.00,197287.57,'2022-12-12 00:00:00'),(451,50996440,14235678,'Transfer',2036.00,10468.00,25222.00,'2022-04-21 00:00:00'),(452,19289842,71946548,'Transfer',2801.00,247601.04,424330.80,'2022-11-15 00:00:00'),(453,79162504,21913178,'Transfer',458.00,12558.00,230173.68,'2022-11-17 00:00:00'),(454,15265128,14102018,'Transfer',1639.00,381020.86,29639.00,'2022-06-07 00:00:00'),(455,10905772,42312079,'Transfer',598.00,20741.00,311736.68,'2022-04-21 00:00:00'),(456,40631448,95887604,'Transfer',2530.00,342267.56,20641.00,'2022-07-05 00:00:00'),(457,77057544,10905772,'Transfer',2659.00,310190.72,23998.00,'2022-12-22 00:00:00'),(458,30108380,26753963,'Transfer',2069.00,281385.50,216763.48,'2022-08-17 00:00:00'),(459,98599482,36445879,'Transfer',850.00,28254.00,428134.44,'2022-01-28 00:00:00'),(460,88839773,50655041,'Transfer',691.00,9745.00,379916.04,'2022-02-15 00:00:00'),(461,21913178,89125924,'Transfer',558.00,229157.68,196051.57,'2022-02-22 00:00:00'),(462,74568124,26791243,'Transfer',1657.00,223367.98,169708.74,'2022-09-24 00:00:00'),(463,92507346,39721705,'Transfer',1680.00,25349.00,164084.94,'2022-10-17 00:00:00'),(464,68868631,70778712,'Transfer',2173.00,346189.98,21422.00,'2022-07-06 00:00:00'),(465,98056772,81016124,'Transfer',2867.00,169434.70,283570.45,'2022-04-13 00:00:00'),(466,99705012,39721705,'Transfer',2959.00,215162.61,165363.94,'2022-04-23 00:00:00'),(467,24782618,98160227,'Transfer',2855.00,22943.00,443825.50,'2022-08-10 00:00:00'),(468,15871482,87902068,'Transfer',2751.00,168139.00,181550.72,'2022-04-05 00:00:00'),(469,46933736,14102018,'Transfer',2233.00,368385.17,30233.00,'2022-03-27 00:00:00'),(470,11425801,15871482,'Transfer',519.00,396666.58,171409.00,'2022-08-22 00:00:00'),(471,76839111,82690403,'Transfer',855.00,154001.06,352989.87,'2022-04-24 00:00:00'),(472,69494480,95887604,'Transfer',1461.00,25534.00,19572.00,'2022-02-11 00:00:00'),(473,99705012,76279610,'Transfer',2830.00,215291.61,403916.26,'2022-12-16 00:00:00'),(474,92507346,41122515,'Transfer',2428.00,24601.00,440762.26,'2022-09-17 00:00:00'),(475,46933736,57463347,'Transfer',2396.00,368222.17,30400.00,'2022-10-10 00:00:00'),(476,75349686,72570564,'Transfer',2885.00,201231.96,408619.88,'2022-07-17 00:00:00'),(477,32954529,98160227,'Transfer',1371.00,17759.00,442341.50,'2022-03-27 00:00:00'),(478,34668541,79986119,'Transfer',1129.00,228762.92,211457.44,'2022-08-26 00:00:00'),(479,76279610,98056772,'Transfer',1514.00,399572.26,173815.70,'2022-10-08 00:00:00'),(480,89125924,47074010,'Transfer',1791.00,193702.57,415155.24,'2022-09-19 00:00:00'),(481,89125924,52135863,'Transfer',1725.00,193768.57,326620.34,'2022-09-17 00:00:00'),(482,38374804,81016124,'Transfer',636.00,224953.61,281339.45,'2022-04-06 00:00:00'),(483,15871482,97479406,'Transfer',1361.00,169529.00,385739.80,'2022-09-09 00:00:00'),(484,40631448,13631796,'Transfer',1520.00,343277.56,283331.40,'2022-02-27 00:00:00'),(485,43524058,72570564,'Transfer',514.00,466628.07,406248.88,'2022-01-12 00:00:00'),(486,71946548,74624583,'Transfer',2968.00,418561.80,343732.84,'2022-11-15 00:00:00'),(487,94223504,50655041,'Transfer',1078.00,433963.36,380303.04,'2022-02-27 00:00:00'),(488,11083167,80046545,'Transfer',2109.00,312952.72,174811.36,'2022-11-20 00:00:00'),(489,60909122,74568124,'Transfer',1593.00,411443.41,226617.98,'2022-12-14 00:00:00'),(490,29969699,15265128,'Transfer',1456.00,259351.68,384115.86,'2022-01-07 00:00:00'),(491,45984902,74624583,'Transfer',2436.00,340195.84,343200.84,'2022-05-17 00:00:00'),(492,11083167,88839773,'Transfer',484.00,314577.72,10920.00,'2022-12-04 00:00:00'),(493,69135227,42312079,'Transfer',2296.00,549421.17,313434.68,'2022-06-25 00:00:00'),(494,75364415,21913178,'Transfer',600.00,361181.56,230315.68,'2022-04-03 00:00:00'),(495,70619265,66162141,'Transfer',2565.00,425194.96,185301.96,'2022-11-24 00:00:00'),(496,52135863,76839111,'Transfer',901.00,323994.34,155757.06,'2022-12-16 00:00:00'),(497,67386678,80734006,'Transfer',616.00,439118.51,20889.00,'2022-10-01 00:00:00'),(498,97479406,15265128,'Transfer',1838.00,382540.80,384497.86,'2022-10-27 00:00:00'),(499,55318488,45649866,'Transfer',2445.00,18632.00,31373.00,'2022-11-16 00:00:00'),(500,77057544,82690403,'Transfer',168.00,312681.72,352302.87,'2022-12-03 00:00:00'),(501,51138829,43524058,'Transfer',582.00,363421.20,467724.07,'2022-11-18 00:00:00'),(502,38374804,21913178,'Transfer',1122.00,224467.61,230837.68,'2022-09-16 00:00:00'),(503,50996440,15871482,'Transfer',566.00,11938.00,171456.00,'2022-08-13 00:00:00'),(504,75364415,79986119,'Transfer',996.00,360785.56,211324.44,'2022-08-23 00:00:00'),(505,45649866,80046545,'Transfer',2178.00,26750.00,174880.36,'2022-07-06 00:00:00'),(506,97479406,21913178,'Transfer',2198.00,382180.80,231913.68,'2022-01-14 00:00:00'),(507,83822823,15265128,'Transfer',2222.00,24839.00,384881.86,'2022-09-11 00:00:00'),(508,75349686,98056772,'Transfer',2519.00,201597.96,174820.70,'2022-04-09 00:00:00'),(509,82690403,66162141,'Transfer',2341.00,349793.87,185077.96,'2022-04-20 00:00:00'),(510,60909122,99999999,'Payment',1637.00,411399.41,0.00,'2022-09-26 00:00:00'),(511,13631796,89125924,'Transfer',2479.00,279332.40,197972.57,'2022-09-18 00:00:00'),(512,17086314,32954529,'Transfer',1593.00,493087.32,20723.00,'2022-09-16 00:00:00'),(513,24782618,58409310,'Transfer',2866.00,22932.00,327667.99,'2022-07-04 00:00:00'),(514,29969699,99705012,'Transfer',2076.00,258731.68,220197.61,'2022-11-07 00:00:00'),(515,38374804,62001149,'Transfer',1204.00,224385.61,243674.62,'2022-02-03 00:00:00'),(516,14102018,95887604,'Transfer',2547.00,25453.00,20658.00,'2022-01-23 00:00:00'),(517,59242748,98056772,'Transfer',1153.00,13343.00,173454.70,'2022-12-19 00:00:00'),(518,43936259,87889672,'Transfer',2576.00,449910.12,190391.54,'2022-06-09 00:00:00'),(519,50996440,76279610,'Transfer',2017.00,10487.00,403103.26,'2022-04-05 00:00:00'),(520,43936259,72570564,'Transfer',2745.00,449741.12,408479.88,'2022-07-27 00:00:00'),(521,75364415,79986119,'Transfer',1819.00,359962.56,212147.44,'2022-12-02 00:00:00'),(522,10905772,99999999,'Payment',2358.00,18981.00,0.00,'2022-05-24 00:00:00'),(523,74299014,59242748,'Transfer',823.00,262650.36,15319.00,'2022-08-05 00:00:00'),(524,26753963,79162504,'Transfer',1078.00,213616.48,14094.00,'2022-11-25 00:00:00'),(525,69135227,43936259,'Transfer',2592.00,549125.17,455078.12,'2022-10-17 00:00:00'),(526,58873746,36445879,'Transfer',2007.00,377637.92,429291.44,'2022-03-26 00:00:00'),(527,97479406,19289842,'Transfer',1425.00,382953.80,251827.04,'2022-03-27 00:00:00'),(528,45984902,83399390,'Transfer',1241.00,341390.84,317940.21,'2022-01-01 00:00:00'),(529,61285549,94494733,'Transfer',2546.00,373243.76,28779.00,'2022-11-11 00:00:00'),(530,50996440,17086314,'Transfer',2029.00,10475.00,496709.32,'2022-02-18 00:00:00'),(531,87902068,36445879,'Transfer',1637.00,177162.72,428921.44,'2022-08-10 00:00:00'),(532,67386678,98160227,'Transfer',616.00,439118.51,441586.50,'2022-07-23 00:00:00'),(533,15216588,68868631,'Transfer',2941.00,294972.28,351303.98,'2022-08-06 00:00:00'),(534,99988533,66162141,'Transfer',2743.00,244913.76,185479.96,'2022-07-04 00:00:00'),(535,43524058,98056772,'Transfer',1361.00,465781.07,173662.70,'2022-11-09 00:00:00'),(536,75349686,83399390,'Transfer',1968.00,202148.96,318667.21,'2022-08-27 00:00:00'),(537,57935821,77523644,'Transfer',2537.00,325985.08,209985.12,'2022-12-15 00:00:00'),(538,16142178,19289842,'Transfer',983.00,474392.54,251385.04,'2022-09-02 00:00:00'),(539,66474012,40631448,'Transfer',2130.00,21597.00,346927.56,'2022-04-17 00:00:00'),(540,43936259,36445879,'Transfer',1758.00,450728.12,429042.44,'2022-02-22 00:00:00'),(541,71946548,75364415,'Transfer',2362.00,419167.80,364143.56,'2022-11-08 00:00:00'),(542,15216588,82690403,'Transfer',614.00,297299.28,352748.87,'2022-10-11 00:00:00'),(543,11083167,70956618,'Transfer',205.00,314856.72,276286.72,'2022-01-25 00:00:00'),(544,14102018,87889672,'Transfer',1490.00,26510.00,189305.54,'2022-04-03 00:00:00'),(545,19289842,42312079,'Transfer',853.00,249549.04,311991.68,'2022-03-19 00:00:00'),(546,36445879,60945340,'Transfer',782.00,426502.44,299349.12,'2022-04-24 00:00:00'),(547,66474012,43524058,'Transfer',729.00,22998.00,467871.07,'2022-01-21 00:00:00'),(548,34668541,43936259,'Transfer',779.00,229112.92,453265.12,'2022-12-22 00:00:00'),(549,39721705,88839773,'Transfer',621.00,161783.94,11057.00,'2022-07-21 00:00:00'),(550,47074010,80046545,'Transfer',596.00,412768.24,173298.36,'2022-12-12 00:00:00'),(551,71946548,51138829,'Transfer',263.00,421266.80,364266.20,'2022-07-01 00:00:00'),(552,92668847,99988533,'Transfer',274.00,21272.00,247930.76,'2022-08-04 00:00:00'),(553,83399390,95887604,'Transfer',1571.00,315128.21,19682.00,'2022-04-18 00:00:00'),(554,41122515,55318488,'Transfer',1321.00,437013.26,22398.00,'2022-01-16 00:00:00'),(555,25911843,41122515,'Transfer',2042.00,401005.96,440376.26,'2022-05-28 00:00:00'),(556,62001149,58873746,'Transfer',430.00,242040.62,380074.92,'2022-03-19 00:00:00'),(557,75364415,95887604,'Transfer',2976.00,358805.56,21087.00,'2022-03-11 00:00:00'),(558,76839111,61285549,'Transfer',775.00,154081.06,376564.76,'2022-08-12 00:00:00'),(559,89125924,80534073,'Transfer',110.00,195383.57,249921.46,'2022-07-11 00:00:00'),(560,92668847,11425801,'Transfer',1388.00,20158.00,398573.58,'2022-09-23 00:00:00'),(561,36445879,43524058,'Transfer',758.00,426526.44,467900.07,'2022-08-17 00:00:00'),(562,76839111,87889672,'Transfer',2386.00,152470.06,190201.54,'2022-10-10 00:00:00'),(563,57935821,61285549,'Transfer',1315.00,327207.08,377104.76,'2022-10-08 00:00:00'),(564,11083167,11425801,'Transfer',1943.00,313118.72,399128.58,'2022-01-12 00:00:00'),(565,21913178,45649866,'Transfer',1820.00,227895.68,30748.00,'2022-05-19 00:00:00'),(566,87902068,74624583,'Transfer',1488.00,177311.72,342252.84,'2022-07-17 00:00:00'),(567,92668847,77523644,'Transfer',2215.00,19331.00,209663.12,'2022-02-14 00:00:00'),(568,40631448,66474012,'Transfer',889.00,343908.56,24616.00,'2022-04-13 00:00:00'),(569,43524058,16142178,'Transfer',1090.00,466052.07,476465.54,'2022-11-22 00:00:00'),(570,50996440,41122515,'Transfer',2306.00,10198.00,440640.26,'2022-12-11 00:00:00'),(571,82690403,91070889,'Transfer',2503.00,349631.87,357712.52,'2022-03-01 00:00:00'),(572,50996440,80534073,'Transfer',1006.00,11498.00,250817.46,'2022-06-09 00:00:00'),(573,29969699,42312079,'Transfer',671.00,260136.68,311809.68,'2022-04-08 00:00:00'),(574,51138829,76279610,'Transfer',2669.00,361334.20,403755.26,'2022-05-28 00:00:00'),(575,71946548,13631796,'Transfer',2113.00,419416.80,283924.40,'2022-01-16 00:00:00'),(576,99705012,58409310,'Transfer',1627.00,216494.61,326428.99,'2022-07-24 00:00:00'),(577,76279610,32954529,'Transfer',2054.00,399032.26,21184.00,'2022-04-25 00:00:00'),(578,79162504,75364415,'Transfer',354.00,12662.00,362135.56,'2022-06-08 00:00:00'),(579,67386678,58873746,'Transfer',1159.00,438575.51,380803.92,'2022-12-22 00:00:00'),(580,70619265,66474012,'Transfer',1386.00,426373.96,25113.00,'2022-08-10 00:00:00'),(581,21913178,67386678,'Transfer',529.00,229186.68,440263.51,'2022-10-20 00:00:00'),(582,82690403,88839773,'Transfer',1300.00,350834.87,11736.00,'2022-10-20 00:00:00'),(583,15265128,77057544,'Transfer',1793.00,380866.86,314642.72,'2022-11-02 00:00:00'),(584,80046545,47074010,'Transfer',1649.00,171053.36,415013.24,'2022-11-24 00:00:00'),(585,99988533,10905772,'Transfer',232.00,247424.76,21571.00,'2022-01-18 00:00:00'),(586,69135227,97479406,'Transfer',1869.00,549848.17,386247.80,'2022-09-28 00:00:00'),(587,76839111,47074010,'Transfer',2565.00,152291.06,415929.24,'2022-08-28 00:00:00'),(588,83399390,47772138,'Transfer',1491.00,315208.21,289102.35,'2022-01-24 00:00:00'),(589,57935821,76279610,'Transfer',1076.00,327446.08,402162.26,'2022-12-15 00:00:00'),(590,66162141,82690403,'Transfer',2392.00,180344.96,354526.87,'2022-08-17 00:00:00'),(591,77523644,11425801,'Transfer',2883.00,204565.12,400068.58,'2022-07-03 00:00:00'),(592,40631448,94494733,'Transfer',1885.00,342912.56,28118.00,'2022-12-07 00:00:00'),(593,97479406,34244495,'Transfer',806.00,383572.80,455135.92,'2022-12-20 00:00:00'),(594,89125924,26791243,'Transfer',385.00,195108.57,168436.74,'2022-05-06 00:00:00'),(595,66162141,75710201,'Transfer',884.00,181852.96,179591.80,'2022-12-19 00:00:00'),(596,79162504,62001149,'Transfer',1232.00,11784.00,243702.62,'2022-07-11 00:00:00'),(597,91070889,98599482,'Transfer',567.00,354642.52,29671.00,'2022-10-13 00:00:00'),(598,79162504,61285549,'Transfer',1648.00,11368.00,377437.76,'2022-05-16 00:00:00'),(599,94223504,83399390,'Transfer',1404.00,433637.36,318103.21,'2022-09-19 00:00:00'),(600,80734006,57935821,'Transfer',2403.00,17870.00,330925.08,'2022-04-22 00:00:00'),(601,25911843,26791243,'Transfer',564.00,402483.96,168615.74,'2022-12-16 00:00:00'),(602,48941313,58873746,'Transfer',2875.00,8478.00,382519.92,'2022-02-25 00:00:00'),(603,38374804,46933736,'Transfer',2380.00,223209.61,372998.17,'2022-03-08 00:00:00'),(604,71946548,10491570,'Transfer',762.00,420767.80,289239.18,'2022-08-08 00:00:00'),(605,30108380,47772138,'Transfer',1848.00,281606.50,289459.35,'2022-04-12 00:00:00'),(606,79986119,94223504,'Transfer',2706.00,207622.44,437747.36,'2022-01-14 00:00:00'),(607,10491570,17086314,'Transfer',1410.00,287067.18,496090.32,'2022-07-09 00:00:00'),(608,83399390,60909122,'Transfer',2595.00,314104.21,415631.41,'2022-12-21 00:00:00'),(609,15265128,83399390,'Transfer',1674.00,380985.86,318373.21,'2022-01-13 00:00:00'),(610,94494733,71946548,'Transfer',2885.00,23348.00,424414.80,'2022-12-05 00:00:00'),(611,16142178,58873746,'Transfer',211.00,475164.54,379855.92,'2022-11-28 00:00:00'),(612,10905772,88839773,'Transfer',2765.00,18574.00,13201.00,'2022-03-21 00:00:00'),(613,30108380,69135227,'Transfer',2425.00,281029.50,554142.17,'2022-10-15 00:00:00'),(614,15216588,30108380,'Transfer',2745.00,295168.28,286199.50,'2022-05-14 00:00:00'),(615,45984902,99999999,'Payment',2066.00,340565.84,0.00,'2022-08-06 00:00:00'),(616,83399390,79162504,'Transfer',2563.00,314136.21,15579.00,'2022-11-15 00:00:00'),(617,58873746,77057544,'Transfer',2910.00,376734.92,315759.72,'2022-12-17 00:00:00'),(618,70778712,88839773,'Transfer',346.00,18903.00,10782.00,'2022-12-21 00:00:00'),(619,75349686,16142178,'Transfer',2613.00,201503.96,477988.54,'2022-05-23 00:00:00'),(620,74299014,92507346,'Transfer',2205.00,261268.36,29234.00,'2022-10-21 00:00:00'),(621,66162141,41122515,'Transfer',2974.00,179762.96,441308.26,'2022-02-03 00:00:00'),(622,69135227,60909122,'Transfer',1720.00,549997.17,414756.41,'2022-01-17 00:00:00'),(623,59242748,59242748,'Deposit',1705.00,0.00,16201.00,'2022-03-04 00:00:00'),(624,61285549,36445879,'Transfer',2003.00,373786.76,429287.44,'2022-03-05 00:00:00'),(625,10491570,52135863,'Transfer',486.00,287991.18,325381.34,'2022-02-09 00:00:00'),(626,83755978,10491570,'Transfer',2645.00,258460.06,291122.18,'2022-09-03 00:00:00'),(627,17086314,29969699,'Transfer',1065.00,493615.32,261872.68,'2022-09-03 00:00:00'),(628,68868631,11425801,'Transfer',2772.00,345590.98,399957.58,'2022-09-01 00:00:00'),(629,15265128,99988533,'Transfer',1358.00,381301.86,249014.76,'2022-11-02 00:00:00'),(630,99705012,16266226,'Transfer',260.00,217861.61,411709.24,'2022-05-06 00:00:00'),(631,72570564,69135227,'Transfer',1775.00,403959.88,553492.17,'2022-02-12 00:00:00'),(632,80046545,77057544,'Transfer',1608.00,171094.36,314457.72,'2022-12-09 00:00:00'),(633,98599482,14102018,'Transfer',1730.00,27374.00,29730.00,'2022-06-21 00:00:00'),(634,58409310,39721705,'Transfer',448.00,324353.99,162852.94,'2022-07-03 00:00:00'),(635,74624583,43936259,'Transfer',1874.00,338890.84,454360.12,'2022-01-28 00:00:00'),(636,60909122,17086314,'Transfer',2808.00,410228.41,497488.32,'2022-12-13 00:00:00'),(637,16266226,58873746,'Transfer',1259.00,410190.24,380903.92,'2022-08-21 00:00:00'),(638,66474012,94223504,'Transfer',2042.00,21685.00,437083.36,'2022-06-08 00:00:00'),(639,98599482,10491570,'Transfer',605.00,28499.00,289082.18,'2022-08-01 00:00:00'),(640,43524058,81016124,'Transfer',1926.00,465216.07,282629.45,'2022-08-24 00:00:00'),(641,83755978,83399390,'Transfer',1724.00,259381.06,318423.21,'2022-03-17 00:00:00'),(642,68868631,98599482,'Transfer',2657.00,345705.98,31761.00,'2022-09-24 00:00:00'),(643,75349686,98160227,'Transfer',112.00,204004.96,441082.50,'2022-03-04 00:00:00'),(644,13631796,66162141,'Transfer',1761.00,280050.40,184497.96,'2022-11-06 00:00:00'),(645,60945340,82690403,'Transfer',1478.00,297089.12,353612.87,'2022-03-06 00:00:00'),(646,15871482,58873746,'Transfer',1349.00,169541.00,380993.92,'2022-01-14 00:00:00'),(647,29969699,88839773,'Transfer',1390.00,259417.68,11826.00,'2022-06-04 00:00:00'),(648,14102018,74568124,'Transfer',1811.00,26189.00,226835.98,'2022-06-15 00:00:00'),(649,42312079,13631796,'Transfer',2406.00,308732.68,284217.40,'2022-05-13 00:00:00'),(650,76839111,50996440,'Transfer',685.00,154171.06,13189.00,'2022-11-27 00:00:00'),(651,15871482,82690403,'Transfer',2791.00,168099.00,354925.87,'2022-05-24 00:00:00'),(652,80046545,41122515,'Transfer',461.00,172241.36,438795.26,'2022-04-21 00:00:00'),(653,66474012,57935821,'Transfer',563.00,23164.00,329085.08,'2022-04-22 00:00:00'),(654,74624583,76279610,'Transfer',2683.00,338081.84,403769.26,'2022-10-28 00:00:00'),(655,94494733,87889672,'Transfer',430.00,25803.00,188245.54,'2022-12-26 00:00:00'),(656,34668541,25911843,'Transfer',279.00,229612.92,403326.96,'2022-11-28 00:00:00'),(657,39721705,98056772,'Transfer',2281.00,160123.94,174582.70,'2022-01-25 00:00:00'),(658,92507346,70619265,'Transfer',2647.00,24382.00,430406.96,'2022-10-16 00:00:00'),(659,11425801,97479406,'Transfer',401.00,396784.58,384779.80,'2022-10-04 00:00:00'),(660,70778712,79162504,'Transfer',2136.00,17113.00,15152.00,'2022-07-14 00:00:00'),(661,98599482,19289842,'Transfer',786.00,28318.00,251188.04,'2022-05-09 00:00:00'),(662,87902068,69494480,'Transfer',2998.00,175801.72,29993.00,'2022-07-02 00:00:00'),(663,88839773,11083167,'Transfer',1452.00,8984.00,316513.72,'2022-08-19 00:00:00'),(664,30108380,98160227,'Transfer',117.00,283337.50,441087.50,'2022-11-09 00:00:00'),(665,77057544,45649866,'Transfer',915.00,311934.72,29843.00,'2022-06-19 00:00:00'),(666,79986119,21913178,'Transfer',2733.00,207595.44,232448.68,'2022-12-12 00:00:00'),(667,40631448,77057544,'Transfer',2764.00,342033.56,315613.72,'2022-10-05 00:00:00'),(668,57935821,75364415,'Transfer',1730.00,326792.08,363511.56,'2022-06-09 00:00:00'),(669,94494733,14102018,'Transfer',1730.00,24503.00,29730.00,'2022-07-04 00:00:00'),(670,94494733,39721705,'Transfer',869.00,25364.00,163273.94,'2022-08-01 00:00:00'),(671,46933736,74624583,'Transfer',2450.00,368168.17,343214.84,'2022-10-20 00:00:00'),(672,77057544,38374804,'Transfer',1748.00,311101.72,227337.61,'2022-11-27 00:00:00'),(673,15871482,66474012,'Transfer',1231.00,169659.00,24958.00,'2022-03-23 00:00:00'),(674,75364415,99999999,'Payment',2707.00,359074.56,0.00,'2022-01-21 00:00:00'),(675,15265128,92668847,'Transfer',1653.00,381006.86,23199.00,'2022-04-27 00:00:00'),(676,60909122,16142178,'Transfer',1695.00,411341.41,477070.54,'2022-12-06 00:00:00'),(677,15871482,82690403,'Transfer',1117.00,169773.00,353251.87,'2022-09-28 00:00:00'),(678,10905772,39721705,'Transfer',785.00,20554.00,163189.94,'2022-02-19 00:00:00'),(679,80534073,30108380,'Transfer',2751.00,247060.46,286205.50,'2022-05-26 00:00:00'),(680,11425801,71946548,'Transfer',2172.00,395013.58,423701.80,'2022-07-08 00:00:00'),(681,51138829,87889672,'Transfer',2757.00,361246.20,190572.54,'2022-01-07 00:00:00'),(682,69135227,61285549,'Transfer',1805.00,549912.17,377594.76,'2022-04-19 00:00:00'),(683,69494480,62001149,'Transfer',431.00,26564.00,242901.62,'2022-02-06 00:00:00'),(684,52135863,25911843,'Transfer',2287.00,322608.34,405334.96,'2022-04-12 00:00:00'),(685,15871482,21913178,'Transfer',1066.00,169824.00,230781.68,'2022-09-20 00:00:00'),(686,24782618,62001149,'Transfer',2248.00,23550.00,244718.62,'2022-03-05 00:00:00'),(687,97479406,81016124,'Transfer',1983.00,382395.80,282686.45,'2022-04-24 00:00:00'),(688,42312079,66162141,'Transfer',2636.00,308502.68,185372.96,'2022-10-20 00:00:00'),(689,92507346,46933736,'Transfer',2058.00,24971.00,372676.17,'2022-12-07 00:00:00'),(690,80734006,13631796,'Transfer',2320.00,17953.00,284131.40,'2022-03-08 00:00:00'),(691,43524058,51138829,'Transfer',1717.00,465425.07,365720.20,'2022-05-17 00:00:00'),(692,61285549,36445879,'Transfer',832.00,374957.76,428116.44,'2022-07-28 00:00:00'),(693,76279610,80046545,'Transfer',139.00,400947.26,172841.36,'2022-02-06 00:00:00'),(694,82690403,77523644,'Transfer',523.00,351611.87,207971.12,'2022-04-09 00:00:00'),(695,45649866,92668847,'Transfer',2388.00,26540.00,23934.00,'2022-03-05 00:00:00'),(696,26791243,48547309,'Transfer',1259.00,166792.74,204923.08,'2022-08-22 00:00:00'),(697,76839111,34244495,'Transfer',1406.00,153450.06,455735.92,'2022-05-11 00:00:00'),(698,46933736,74568124,'Transfer',2719.00,367899.17,227743.98,'2022-03-14 00:00:00'),(699,95887604,15265128,'Transfer',694.00,17417.00,383353.86,'2022-08-27 00:00:00'),(700,98599482,39721705,'Transfer',751.00,28353.00,163155.94,'2022-03-15 00:00:00'),(701,15265128,99705012,'Transfer',1816.00,380843.86,219937.61,'2022-11-24 00:00:00'),(702,60909122,80534073,'Transfer',1706.00,411330.41,251517.46,'2022-07-05 00:00:00'),(703,16142178,70778712,'Transfer',1467.00,473908.54,20716.00,'2022-07-06 00:00:00'),(704,76839111,26753963,'Transfer',854.00,154002.06,215548.48,'2022-11-01 00:00:00'),(705,62001149,99705012,'Transfer',1854.00,240616.62,219975.61,'2022-12-20 00:00:00'),(706,21913178,81016124,'Transfer',1426.00,228289.68,282129.45,'2022-07-09 00:00:00'),(707,26753963,81016124,'Transfer',2083.00,212611.48,282786.45,'2022-11-12 00:00:00'),(708,15265128,48547309,'Transfer',1238.00,381421.86,204902.08,'2022-05-17 00:00:00'),(709,94223504,15871482,'Transfer',2141.00,432900.36,173031.00,'2022-11-06 00:00:00'),(710,60909122,97479406,'Transfer',2812.00,410224.41,387190.80,'2022-09-27 00:00:00'),(711,69135227,14102018,'Transfer',2695.00,549022.17,30695.00,'2022-12-17 00:00:00'),(712,42312079,88839773,'Transfer',2451.00,308687.68,12887.00,'2022-10-15 00:00:00'),(713,29969699,75349686,'Transfer',652.00,260155.68,204768.96,'2022-03-11 00:00:00'),(714,21913178,50655041,'Transfer',832.00,228883.68,380057.04,'2022-01-10 00:00:00'),(715,74299014,11083167,'Transfer',2449.00,261024.36,317510.72,'2022-01-03 00:00:00'),(716,45649866,50655041,'Transfer',2998.00,25930.00,382223.04,'2022-02-23 00:00:00'),(717,70619265,98160227,'Transfer',1820.00,425939.96,442790.50,'2022-11-06 00:00:00'),(718,40631448,58873746,'Transfer',1976.00,342821.56,381620.92,'2022-05-11 00:00:00'),(719,75364415,57935821,'Transfer',1751.00,360030.56,330273.08,'2022-05-12 00:00:00'),(720,39721705,80534073,'Transfer',654.00,161750.94,250465.46,'2022-12-20 00:00:00'),(721,68868631,79986119,'Transfer',808.00,347554.98,211136.44,'2022-10-14 00:00:00'),(722,83399390,88839773,'Transfer',1430.00,315269.21,11866.00,'2022-09-01 00:00:00'),(723,57935821,43524058,'Transfer',403.00,328119.08,467545.07,'2022-05-01 00:00:00'),(724,80046545,39721705,'Transfer',2975.00,169727.36,165379.94,'2022-04-08 00:00:00'),(725,75364415,94223504,'Transfer',2415.00,359366.56,437456.36,'2022-12-25 00:00:00'),(726,47772138,60909122,'Transfer',1204.00,286407.35,414240.41,'2022-03-05 00:00:00'),(727,58873746,16266226,'Transfer',307.00,379337.92,411756.24,'2022-03-04 00:00:00'),(728,39721705,43936259,'Transfer',246.00,162158.94,452732.12,'2022-12-13 00:00:00'),(729,15265128,32954529,'Transfer',949.00,381710.86,20079.00,'2022-10-23 00:00:00'),(730,51138829,83755978,'Transfer',780.00,363223.20,261885.06,'2022-02-22 00:00:00'),(731,15871482,74568124,'Transfer',1557.00,169333.00,226581.98,'2022-10-24 00:00:00'),(732,14235678,34668541,'Transfer',2644.00,20542.00,232535.92,'2022-12-12 00:00:00'),(733,40631448,60945340,'Transfer',133.00,344664.56,298700.12,'2022-07-03 00:00:00'),(734,47772138,43524058,'Transfer',778.00,286833.35,467920.07,'2022-02-06 00:00:00'),(735,92668847,50996440,'Transfer',2175.00,19371.00,14679.00,'2022-04-02 00:00:00'),(736,10905772,61285549,'Transfer',2757.00,18582.00,378546.76,'2022-03-16 00:00:00'),(737,30108380,43936259,'Transfer',1394.00,282060.50,453880.12,'2022-04-22 00:00:00'),(738,81016124,45649866,'Transfer',2357.00,278346.45,31285.00,'2022-05-24 00:00:00'),(739,61285549,80534073,'Transfer',844.00,374945.76,250655.46,'2022-08-26 00:00:00'),(740,30108380,77057544,'Transfer',1090.00,282364.50,313939.72,'2022-01-11 00:00:00'),(741,55318488,21913178,'Transfer',2709.00,18368.00,232424.68,'2022-11-18 00:00:00'),(742,91070889,50996440,'Transfer',1713.00,353496.52,14217.00,'2022-07-26 00:00:00'),(743,66162141,29969699,'Transfer',2258.00,180478.96,263065.68,'2022-02-24 00:00:00'),(744,45984902,45984902,'Withdraw',2341.00,340290.84,0.00,'2022-03-15 00:00:00'),(745,77523644,98599482,'Transfer',536.00,206912.12,29640.00,'2022-08-22 00:00:00'),(746,69494480,50996440,'Transfer',479.00,26516.00,12983.00,'2022-05-22 00:00:00'),(747,94223504,34668541,'Transfer',2725.00,432316.36,232616.92,'2022-03-02 00:00:00'),(748,32954529,58409310,'Transfer',2876.00,16254.00,327677.99,'2022-01-23 00:00:00'),(749,40631448,77523644,'Transfer',821.00,343976.56,208269.12,'2022-09-07 00:00:00'),(750,87889672,34244495,'Transfer',683.00,187132.54,455012.92,'2022-03-08 00:00:00'),(751,15871482,69135227,'Transfer',1580.00,169310.00,553297.17,'2022-07-24 00:00:00'),(752,61285549,57935821,'Transfer',2630.00,373159.76,331152.08,'2022-12-06 00:00:00'),(753,75710201,47074010,'Transfer',345.00,178362.80,413709.24,'2022-01-08 00:00:00'),(754,11083167,10905772,'Transfer',967.00,314094.72,22306.00,'2022-11-22 00:00:00'),(755,88839773,46933736,'Transfer',472.00,9964.00,371090.17,'2022-01-18 00:00:00'),(756,80534073,66162141,'Transfer',298.00,249513.46,183034.96,'2022-06-12 00:00:00'),(757,38374804,66162141,'Transfer',2054.00,223535.61,184790.96,'2022-01-27 00:00:00'),(758,95887604,15216588,'Transfer',1255.00,16856.00,299168.28,'2022-04-27 00:00:00'),(759,46933736,83399390,'Transfer',2867.00,367751.17,319566.21,'2022-06-26 00:00:00'),(760,24782618,19289842,'Transfer',1196.00,24602.00,251598.04,'2022-07-10 00:00:00'),(761,11083167,82690403,'Transfer',1268.00,313793.72,353402.87,'2022-11-21 00:00:00'),(762,15871482,91070889,'Transfer',2851.00,168039.00,358060.52,'2022-04-04 00:00:00'),(763,71946548,10905772,'Transfer',794.00,420735.80,22133.00,'2022-12-27 00:00:00'),(764,68868631,32954529,'Transfer',2769.00,345593.98,21899.00,'2022-08-06 00:00:00'),(765,81016124,68868631,'Transfer',1865.00,278838.45,350227.98,'2022-06-01 00:00:00'),(766,83399390,42312079,'Transfer',1434.00,315265.21,312572.68,'2022-10-28 00:00:00'),(767,70778712,83399390,'Transfer',413.00,18836.00,317112.21,'2022-11-14 00:00:00'),(768,19289842,75349686,'Transfer',1892.00,248510.04,206008.96,'2022-01-16 00:00:00'),(769,41122515,47772138,'Transfer',2692.00,435642.26,290303.35,'2022-12-01 00:00:00'),(770,95887604,95887604,'Deposit',408.00,0.00,18519.00,'2022-03-25 00:00:00'),(771,98599482,16142178,'Transfer',834.00,28270.00,476209.54,'2022-02-03 00:00:00'),(772,24782618,82690403,'Transfer',1029.00,24769.00,353163.87,'2022-10-14 00:00:00'),(773,74568124,74624583,'Transfer',725.00,224299.98,341489.84,'2022-05-14 00:00:00'),(774,87902068,32954529,'Transfer',711.00,178088.72,19841.00,'2022-04-27 00:00:00'),(775,70619265,94223504,'Transfer',1219.00,426540.96,436260.36,'2022-09-02 00:00:00'),(776,60945340,94223504,'Transfer',684.00,297883.12,435725.36,'2022-10-06 00:00:00'),(777,62001149,82690403,'Transfer',2568.00,239902.62,354702.87,'2022-11-19 00:00:00'),(778,43524058,71946548,'Transfer',2352.00,464790.07,423881.80,'2022-02-18 00:00:00'),(779,52135863,75710201,'Transfer',2592.00,322303.34,181299.80,'2022-02-15 00:00:00'),(780,59242748,24782618,'Transfer',228.00,14268.00,26026.00,'2022-12-07 00:00:00'),(781,74568124,66474012,'Transfer',2587.00,222437.98,26314.00,'2022-08-27 00:00:00'),(782,61285549,57463347,'Transfer',2965.00,372824.76,30969.00,'2022-06-25 00:00:00'),(783,21913178,58873746,'Transfer',1852.00,227863.68,381496.92,'2022-08-23 00:00:00'),(784,52135863,16142178,'Transfer',161.00,324734.34,475536.54,'2022-08-09 00:00:00'),(785,48941313,72570564,'Transfer',1958.00,9395.00,407692.88,'2022-05-05 00:00:00'),(786,32954529,76839111,'Transfer',212.00,18918.00,155068.06,'2022-04-23 00:00:00'),(787,50996440,51138829,'Transfer',554.00,11950.00,364557.20,'2022-12-21 00:00:00'),(788,34668541,38374804,'Transfer',2818.00,227073.92,228407.61,'2022-11-04 00:00:00'),(789,74299014,68868631,'Transfer',2557.00,260916.36,350919.98,'2022-03-12 00:00:00'),(790,66474012,69494480,'Transfer',975.00,22752.00,27970.00,'2022-01-10 00:00:00'),(791,74624583,87902068,'Transfer',2199.00,338565.84,180998.72,'2022-07-20 00:00:00'),(792,83755978,15216588,'Transfer',1928.00,259177.06,299841.28,'2022-01-27 00:00:00'),(793,94223504,36445879,'Transfer',1002.00,434039.36,428286.44,'2022-01-12 00:00:00'),(794,60945340,26753963,'Transfer',688.00,297879.12,215382.48,'2022-07-13 00:00:00'),(795,67386678,13631796,'Transfer',1170.00,438564.51,282981.40,'2022-07-18 00:00:00'),(796,89125924,17086314,'Transfer',1548.00,193945.57,496228.32,'2022-07-14 00:00:00'),(797,67386678,26791243,'Transfer',1544.00,438190.51,169595.74,'2022-10-02 00:00:00'),(798,69135227,58873746,'Transfer',179.00,551538.17,379823.92,'2022-03-27 00:00:00'),(799,74568124,26791243,'Transfer',248.00,224776.98,168299.74,'2022-01-20 00:00:00'),(800,46933736,62001149,'Transfer',1971.00,368647.17,244441.62,'2022-01-05 00:00:00'),(801,16266226,99999999,'Payment',2305.00,409144.24,0.00,'2022-10-08 00:00:00'),(802,99705012,19289842,'Transfer',871.00,217250.61,251273.04,'2022-08-18 00:00:00'),(803,16266226,67386678,'Transfer',2464.00,408985.24,442198.51,'2022-04-18 00:00:00'),(804,75710201,75349686,'Transfer',1634.00,177073.80,205750.96,'2022-04-21 00:00:00'),(805,95887604,15265128,'Transfer',2273.00,15838.00,384932.86,'2022-05-12 00:00:00'),(806,83755978,99999999,'Payment',2517.00,258588.06,0.00,'2022-04-17 00:00:00'),(807,98056772,16266226,'Transfer',2108.00,170193.70,413557.24,'2022-11-17 00:00:00'),(808,75349686,74568124,'Transfer',2244.00,201872.96,227268.98,'2022-08-02 00:00:00'),(809,87889672,76279610,'Transfer',1178.00,186637.54,402264.26,'2022-04-15 00:00:00'),(810,89125924,51138829,'Transfer',1552.00,193941.57,365555.20,'2022-08-27 00:00:00'),(811,88839773,80534073,'Transfer',888.00,9548.00,250699.46,'2022-02-15 00:00:00'),(812,39721705,36445879,'Transfer',184.00,162220.94,427468.44,'2022-05-12 00:00:00'),(813,83399390,77057544,'Transfer',566.00,316133.21,313415.72,'2022-06-11 00:00:00'),(814,19289842,16142178,'Transfer',940.00,249462.04,476315.54,'2022-05-24 00:00:00'),(815,88839773,94223504,'Transfer',1248.00,9188.00,436289.36,'2022-04-01 00:00:00'),(816,10905772,75364415,'Transfer',2402.00,18937.00,364183.56,'2022-11-27 00:00:00'),(817,74568124,16142178,'Transfer',2609.00,222415.98,477984.54,'2022-11-23 00:00:00'),(818,48941313,88839773,'Transfer',1530.00,9823.00,11966.00,'2022-12-02 00:00:00'),(819,60945340,69494480,'Transfer',2780.00,295787.12,29775.00,'2022-08-22 00:00:00'),(820,99705012,76279610,'Transfer',2715.00,215406.61,403801.26,'2022-07-28 00:00:00'),(821,99705012,57463347,'Transfer',1030.00,217091.61,29034.00,'2022-05-27 00:00:00'),(822,50996440,77057544,'Transfer',2963.00,9541.00,315812.72,'2022-06-04 00:00:00'),(823,52135863,48547309,'Transfer',613.00,324282.34,204277.08,'2022-12-20 00:00:00'),(824,99988533,94494733,'Transfer',1438.00,246218.76,27671.00,'2022-08-28 00:00:00'),(825,13631796,80046545,'Transfer',1728.00,280083.40,174430.36,'2022-07-16 00:00:00'),(826,39721705,10905772,'Transfer',153.00,162251.94,21492.00,'2022-10-03 00:00:00'),(827,83399390,76839111,'Transfer',2846.00,313853.21,157702.06,'2022-02-18 00:00:00'),(828,60945340,71946548,'Transfer',479.00,298088.12,422008.80,'2022-08-13 00:00:00'),(829,68868631,14235678,'Transfer',2568.00,345794.98,25754.00,'2022-03-13 00:00:00'),(830,55318488,81016124,'Transfer',876.00,20201.00,281579.45,'2022-04-14 00:00:00'),(831,98599482,34244495,'Transfer',1683.00,27421.00,456012.92,'2022-09-20 00:00:00'),(832,58409310,95887604,'Transfer',1138.00,323663.99,19249.00,'2022-06-18 00:00:00'),(833,80534073,98056772,'Transfer',765.00,249046.46,173066.70,'2022-05-27 00:00:00'),(834,66474012,98056772,'Transfer',961.00,22766.00,173262.70,'2022-11-23 00:00:00'),(835,77523644,72570564,'Transfer',1855.00,205593.12,407589.88,'2022-04-01 00:00:00'),(836,79986119,34668541,'Transfer',1834.00,208494.44,231725.92,'2022-10-05 00:00:00'),(837,74299014,41122515,'Transfer',257.00,263216.36,438591.26,'2022-03-04 00:00:00'),(838,39721705,60909122,'Transfer',2172.00,160232.94,415208.41,'2022-08-08 00:00:00'),(839,10905772,58873746,'Transfer',164.00,21175.00,379808.92,'2022-08-08 00:00:00'),(840,66474012,39721705,'Transfer',1227.00,22500.00,163631.94,'2022-01-14 00:00:00'),(841,67386678,74624583,'Transfer',2464.00,437270.51,343228.84,'2022-12-17 00:00:00'),(842,68868631,68868631,'Withdraw',2562.00,345800.98,0.00,'2022-10-10 00:00:00'),(843,68868631,48547309,'Transfer',385.00,347977.98,204049.08,'2022-01-20 00:00:00'),(844,59242748,47074010,'Transfer',2697.00,11799.00,416061.24,'2022-03-19 00:00:00'),(845,11083167,11083167,'Withdraw',2803.00,312258.72,0.00,'2022-11-17 00:00:00'),(846,13631796,14102018,'Transfer',428.00,281383.40,28428.00,'2022-02-23 00:00:00'),(847,99988533,99999999,'Payment',1374.00,246282.76,0.00,'2022-10-08 00:00:00'),(848,21913178,99988533,'Transfer',795.00,228920.68,248451.76,'2022-10-21 00:00:00'),(849,57935821,58409310,'Transfer',1860.00,326662.08,326661.99,'2022-04-03 00:00:00'),(850,94494733,11083167,'Transfer',1452.00,24781.00,316513.72,'2022-03-09 00:00:00'),(851,60909122,80734006,'Transfer',2076.00,410960.41,22349.00,'2022-07-10 00:00:00'),(852,25911843,59242748,'Transfer',809.00,402238.96,15305.00,'2022-10-04 00:00:00'),(853,48547309,15265128,'Transfer',1943.00,201721.08,384602.86,'2022-07-22 00:00:00'),(854,72570564,41122515,'Transfer',1969.00,403765.88,440303.26,'2022-01-02 00:00:00'),(855,43524058,76279610,'Transfer',2230.00,464912.07,403316.26,'2022-03-22 00:00:00'),(856,67386678,57463347,'Transfer',2800.00,436934.51,30804.00,'2022-09-19 00:00:00'),(857,76279610,25911843,'Transfer',227.00,400859.26,403274.96,'2022-06-18 00:00:00'),(858,87902068,25911843,'Transfer',239.00,178560.72,403286.96,'2022-08-02 00:00:00'),(859,76279610,41122515,'Transfer',1798.00,399288.26,440132.26,'2022-06-07 00:00:00'),(860,43936259,62001149,'Transfer',1434.00,451052.12,243904.62,'2022-11-27 00:00:00'),(861,66474012,74624583,'Transfer',832.00,22895.00,341596.84,'2022-02-02 00:00:00'),(862,57935821,24782618,'Transfer',678.00,327844.08,26476.00,'2022-05-14 00:00:00'),(863,98599482,72570564,'Transfer',421.00,28683.00,406155.88,'2022-04-08 00:00:00'),(864,92668847,43936259,'Transfer',1120.00,20426.00,453606.12,'2022-08-04 00:00:00'),(865,62001149,70778712,'Transfer',1245.00,241225.62,20494.00,'2022-11-08 00:00:00'),(866,76279610,74568124,'Transfer',1656.00,399430.26,226680.98,'2022-04-20 00:00:00'),(867,41122515,66474012,'Transfer',2892.00,435442.26,26619.00,'2022-08-09 00:00:00'),(868,16266226,55318488,'Transfer',1085.00,410364.24,22162.00,'2022-07-12 00:00:00'),(869,82690403,39721705,'Transfer',353.00,351781.87,162757.94,'2022-11-18 00:00:00'),(870,62001149,21913178,'Transfer',828.00,241642.62,230543.68,'2022-07-21 00:00:00'),(871,14235678,51138829,'Transfer',1597.00,21589.00,365600.20,'2022-11-07 00:00:00'),(872,92507346,32954529,'Transfer',1775.00,25254.00,20905.00,'2022-10-07 00:00:00'),(873,15871482,88839773,'Transfer',519.00,170371.00,10955.00,'2022-01-16 00:00:00'),(874,58873746,15265128,'Transfer',247.00,379397.92,382906.86,'2022-09-24 00:00:00'),(875,72570564,66474012,'Transfer',1634.00,404100.88,25361.00,'2022-02-21 00:00:00'),(876,74568124,77057544,'Transfer',2835.00,222189.98,315684.72,'2022-02-18 00:00:00'),(877,47074010,76839111,'Transfer',221.00,413143.24,155077.06,'2022-09-18 00:00:00'),(878,45984902,47772138,'Transfer',2921.00,339710.84,290532.35,'2022-12-03 00:00:00'),(879,98160227,39721705,'Transfer',412.00,440558.50,162816.94,'2022-12-20 00:00:00'),(880,50996440,16142178,'Transfer',518.00,11986.00,475893.54,'2022-10-24 00:00:00'),(881,71946548,79162504,'Transfer',1502.00,420027.80,14518.00,'2022-02-04 00:00:00'),(882,26791243,75364415,'Transfer',2998.00,165053.74,364779.56,'2022-10-25 00:00:00'),(883,97479406,72570564,'Transfer',2662.00,381716.80,408396.88,'2022-01-20 00:00:00'),(884,16266226,98160227,'Transfer',2960.00,408489.24,443930.50,'2022-09-13 00:00:00'),(885,45649866,70956618,'Transfer',747.00,28181.00,276828.72,'2022-12-06 00:00:00'),(886,15265128,94223504,'Transfer',1357.00,381302.86,436398.36,'2022-12-12 00:00:00'),(887,14235678,67386678,'Transfer',1344.00,21842.00,441078.51,'2022-02-08 00:00:00'),(888,15265128,19289842,'Transfer',2436.00,380223.86,252838.04,'2022-08-18 00:00:00'),(889,67386678,70956618,'Transfer',1796.00,437938.51,277877.72,'2022-04-10 00:00:00'),(890,77523644,92668847,'Transfer',2526.00,204922.12,24072.00,'2022-07-04 00:00:00'),(891,99988533,72570564,'Transfer',2094.00,245562.76,407828.88,'2022-01-14 00:00:00'),(892,19289842,82690403,'Transfer',478.00,249924.04,352612.87,'2022-07-13 00:00:00'),(893,72570564,52135863,'Transfer',296.00,405438.88,325191.34,'2022-07-14 00:00:00'),(894,83755978,83755978,'Deposit',1112.00,0.00,262217.06,'2022-12-18 00:00:00'),(895,66162141,50655041,'Transfer',2958.00,179778.96,382183.04,'2022-07-19 00:00:00'),(896,62001149,50996440,'Transfer',2098.00,240372.62,14602.00,'2022-09-06 00:00:00'),(897,98160227,83822823,'Transfer',2343.00,438627.50,29404.00,'2022-11-23 00:00:00'),(898,59242748,89125924,'Transfer',843.00,13653.00,196336.57,'2022-02-17 00:00:00'),(899,13631796,51138829,'Transfer',2526.00,279285.40,366529.20,'2022-03-21 00:00:00'),(900,98599482,66474012,'Transfer',352.00,28752.00,24079.00,'2022-07-09 00:00:00'),(901,59242748,98599482,'Transfer',1962.00,12534.00,31066.00,'2022-06-07 00:00:00'),(902,94494733,50996440,'Transfer',1386.00,24847.00,13890.00,'2022-12-15 00:00:00'),(903,77057544,43936259,'Transfer',1799.00,311050.72,454285.12,'2022-06-06 00:00:00'),(904,13631796,75364415,'Transfer',248.00,281563.40,362029.56,'2022-04-27 00:00:00'),(905,14235678,46933736,'Transfer',847.00,22339.00,371465.17,'2022-07-17 00:00:00'),(906,94494733,36445879,'Transfer',2858.00,23375.00,430142.44,'2022-07-15 00:00:00'),(907,77523644,48547309,'Transfer',786.00,206662.12,204450.08,'2022-11-27 00:00:00'),(908,83822823,61285549,'Transfer',1613.00,25448.00,377402.76,'2022-01-13 00:00:00'),(909,43936259,88839773,'Transfer',111.00,452375.12,10547.00,'2022-09-20 00:00:00'),(910,66474012,75349686,'Transfer',2559.00,21168.00,206675.96,'2022-02-28 00:00:00'),(911,47074010,67386678,'Transfer',1639.00,411725.24,441373.51,'2022-03-08 00:00:00'),(912,92668847,77057544,'Transfer',1924.00,19622.00,314773.72,'2022-11-10 00:00:00'),(913,43524058,99705012,'Transfer',1102.00,466040.07,219223.61,'2022-10-19 00:00:00'),(914,95887604,72570564,'Transfer',2699.00,15412.00,408433.88,'2022-10-20 00:00:00'),(915,97479406,13631796,'Transfer',1927.00,382451.80,283738.40,'2022-12-08 00:00:00'),(916,88839773,70778712,'Transfer',1431.00,9005.00,20680.00,'2022-02-18 00:00:00'),(917,43936259,70956618,'Transfer',385.00,452101.12,276466.72,'2022-04-04 00:00:00'),(918,36445879,10491570,'Transfer',909.00,426375.44,289386.18,'2022-01-14 00:00:00'),(919,74299014,70619265,'Transfer',515.00,262958.36,428274.96,'2022-12-28 00:00:00'),(920,75364415,58409310,'Transfer',662.00,361119.56,325463.99,'2022-10-15 00:00:00'),(921,60909122,94223504,'Transfer',182.00,412854.41,435223.36,'2022-11-22 00:00:00'),(922,47074010,94494733,'Transfer',232.00,413132.24,26465.00,'2022-08-06 00:00:00'),(923,70778712,67386678,'Transfer',660.00,18589.00,440394.51,'2022-12-16 00:00:00'),(924,14235678,75349686,'Transfer',681.00,22505.00,204797.96,'2022-10-07 00:00:00'),(925,43524058,45984902,'Transfer',1791.00,465351.07,344422.84,'2022-05-26 00:00:00'),(926,76279610,29969699,'Transfer',1152.00,399934.26,261959.68,'2022-08-25 00:00:00'),(927,19289842,11083167,'Transfer',2186.00,248216.04,317247.72,'2022-01-14 00:00:00'),(928,47772138,25911843,'Transfer',587.00,287024.35,403634.96,'2022-08-12 00:00:00'),(929,46933736,71946548,'Transfer',668.00,369950.17,422197.80,'2022-03-08 00:00:00'),(930,57935821,26791243,'Transfer',1271.00,327251.08,169322.74,'2022-04-21 00:00:00'),(931,47074010,97479406,'Transfer',2291.00,411073.24,386669.80,'2022-11-22 00:00:00'),(932,15265128,43524058,'Transfer',1181.00,381478.86,468323.07,'2022-08-13 00:00:00'),(933,79162504,80534073,'Transfer',505.00,12511.00,250316.46,'2022-02-10 00:00:00'),(934,74568124,87902068,'Transfer',2699.00,222325.98,181498.72,'2022-06-12 00:00:00'),(935,76279610,15216588,'Transfer',2082.00,399004.26,299995.28,'2022-08-05 00:00:00'),(936,41122515,45984902,'Transfer',1222.00,437112.26,343853.84,'2022-08-08 00:00:00'),(937,30108380,66474012,'Transfer',1103.00,282351.50,24830.00,'2022-08-06 00:00:00'),(938,76839111,76279610,'Transfer',2458.00,152398.06,403544.26,'2022-10-10 00:00:00'),(939,26791243,82690403,'Transfer',1786.00,166265.74,353920.87,'2022-09-10 00:00:00'),(940,45984902,47074010,'Transfer',999.00,341632.84,414363.24,'2022-03-10 00:00:00'),(941,58409310,70778712,'Transfer',590.00,324211.99,19839.00,'2022-12-24 00:00:00'),(942,50996440,11083167,'Transfer',295.00,12209.00,315356.72,'2022-09-13 00:00:00'),(943,79986119,38374804,'Transfer',2938.00,207390.44,228527.61,'2022-01-25 00:00:00'),(944,77057544,60909122,'Transfer',515.00,312334.72,413551.41,'2022-01-25 00:00:00'),(945,62001149,47772138,'Transfer',2501.00,239969.62,290112.35,'2022-10-03 00:00:00'),(946,89125924,80534073,'Transfer',1824.00,193669.57,251635.46,'2022-09-04 00:00:00'),(947,66162141,57463347,'Transfer',889.00,181847.96,28893.00,'2022-07-14 00:00:00'),(948,75349686,92507346,'Transfer',1301.00,202815.96,28330.00,'2022-12-05 00:00:00'),(949,38374804,34244495,'Transfer',750.00,224839.61,455079.92,'2022-02-05 00:00:00'),(950,88839773,36445879,'Transfer',1359.00,9077.00,428643.44,'2022-06-04 00:00:00'),(951,29969699,55318488,'Transfer',2301.00,258506.68,23378.00,'2022-07-15 00:00:00'),(952,59242748,95887604,'Transfer',710.00,13786.00,18821.00,'2022-02-25 00:00:00'),(953,48547309,61285549,'Transfer',2354.00,201310.08,378143.76,'2022-05-08 00:00:00'),(954,36445879,98056772,'Transfer',2630.00,424654.44,174931.70,'2022-10-25 00:00:00'),(955,62001149,15871482,'Transfer',1024.00,241446.62,171914.00,'2022-09-19 00:00:00'),(956,89125924,15216588,'Transfer',1466.00,194027.57,299379.28,'2022-01-07 00:00:00'),(957,43936259,39721705,'Transfer',2175.00,450311.12,164579.94,'2022-06-14 00:00:00'),(958,15265128,83755978,'Transfer',1045.00,381614.86,262150.06,'2022-12-21 00:00:00'),(959,21913178,47772138,'Transfer',2370.00,227345.68,289981.35,'2022-12-11 00:00:00'),(960,43936259,42312079,'Transfer',1866.00,450620.12,313004.68,'2022-08-06 00:00:00'),(961,59242748,14102018,'Transfer',2952.00,11544.00,30952.00,'2022-05-09 00:00:00'),(962,48547309,91070889,'Transfer',415.00,203249.08,355624.52,'2022-01-18 00:00:00'),(963,97479406,62001149,'Transfer',2275.00,382103.80,244745.62,'2022-07-16 00:00:00'),(964,34668541,99988533,'Transfer',2256.00,227635.92,249912.76,'2022-02-08 00:00:00'),(965,75364415,43524058,'Transfer',2155.00,359626.56,469297.07,'2022-02-21 00:00:00'),(966,62001149,88839773,'Transfer',632.00,241838.62,11068.00,'2022-05-21 00:00:00'),(967,26791243,39721705,'Transfer',2056.00,165995.74,164460.94,'2022-01-06 00:00:00'),(968,98160227,48941313,'Transfer',2833.00,438137.50,14186.00,'2022-06-13 00:00:00'),(969,47074010,11425801,'Transfer',414.00,412950.24,397599.58,'2022-04-23 00:00:00'),(970,94494733,34244495,'Transfer',2013.00,24220.00,456342.92,'2022-07-17 00:00:00'),(971,13631796,98160227,'Transfer',517.00,281294.40,441487.50,'2022-01-16 00:00:00'),(972,50655041,75364415,'Transfer',2486.00,376739.04,364267.56,'2022-05-19 00:00:00'),(973,43524058,59242748,'Transfer',2510.00,464632.07,17006.00,'2022-03-04 00:00:00'),(974,19289842,71946548,'Transfer',881.00,249521.04,422410.80,'2022-03-18 00:00:00'),(975,70619265,98160227,'Transfer',189.00,427570.96,441159.50,'2022-10-24 00:00:00'),(976,14102018,57463347,'Transfer',379.00,27621.00,28383.00,'2022-03-05 00:00:00'),(977,34668541,11425801,'Transfer',2413.00,227478.92,399598.58,'2022-11-25 00:00:00'),(978,99705012,14102018,'Transfer',1345.00,216776.61,29345.00,'2022-09-23 00:00:00'),(979,72570564,75364415,'Transfer',1609.00,404125.88,363390.56,'2022-07-22 00:00:00'),(980,58873746,59242748,'Transfer',1828.00,377816.92,16324.00,'2022-11-14 00:00:00'),(981,61285549,81016124,'Transfer',2605.00,373184.76,283308.45,'2022-11-08 00:00:00'),(982,24782618,99988533,'Transfer',2749.00,23049.00,250405.76,'2022-02-01 00:00:00'),(983,34668541,50655041,'Transfer',1747.00,228144.92,380972.04,'2022-10-18 00:00:00'),(984,70778712,16266226,'Transfer',952.00,18297.00,412401.24,'2022-11-15 00:00:00'),(985,19289842,16142178,'Transfer',2800.00,247602.04,478175.54,'2022-01-01 00:00:00'),(986,32954529,60945340,'Transfer',416.00,18714.00,298983.12,'2022-10-26 00:00:00'),(987,98056772,15216588,'Transfer',1956.00,170345.70,299869.28,'2022-12-15 00:00:00'),(988,55318488,92507346,'Transfer',2417.00,18660.00,29446.00,'2022-11-08 00:00:00'),(989,83399390,58873746,'Transfer',2204.00,314495.21,381848.92,'2022-05-04 00:00:00'),(990,10491570,83399390,'Transfer',2316.00,286161.18,319015.21,'2022-12-19 00:00:00'),(991,74624583,87902068,'Transfer',1026.00,339738.84,179825.72,'2022-05-12 00:00:00'),(992,43524058,13631796,'Transfer',1601.00,465541.07,283412.40,'2022-02-08 00:00:00'),(993,79986119,66474012,'Transfer',633.00,209695.44,24360.00,'2022-04-22 00:00:00'),(994,34668541,98056772,'Transfer',225.00,229666.92,172526.70,'2022-01-01 00:00:00'),(995,57935821,11083167,'Transfer',1796.00,326726.08,316857.72,'2022-07-15 00:00:00'),(996,48941313,70619265,'Transfer',870.00,10483.00,428629.96,'2022-09-26 00:00:00'),(997,48547309,11425801,'Transfer',2510.00,201154.08,399695.58,'2022-06-18 00:00:00'),(998,30108380,13631796,'Transfer',1057.00,282397.50,282868.40,'2022-03-20 00:00:00'),(999,68868631,80534073,'Transfer',908.00,347454.98,250719.46,'2022-04-21 00:00:00'),(1000,21913178,43524058,'Transfer',2773.00,226942.68,469915.07,'2022-12-09 00:00:00'),(1001,34244495,40631448,'Transfer',1562.00,452767.92,346359.56,'2022-09-02 00:00:00'),(1002,60909122,94223504,'Transfer',2839.00,410197.41,437880.36,'2022-05-16 00:00:00'),(1003,16266226,41122515,'Transfer',2284.00,409165.24,440618.26,'2022-10-04 00:00:00'),(1004,83755978,83399390,'Transfer',2305.00,258800.06,319004.21,'2022-02-16 00:00:00'),(1005,43936259,21913178,'Transfer',1051.00,451435.12,230766.68,'2022-12-02 00:00:00'),(1006,32954529,26753963,'Transfer',2593.00,16537.00,217287.48,'2022-02-06 00:00:00'),(1007,76839111,99999999,'Payment',2375.00,152481.06,0.00,'2022-02-01 00:00:00'),(1008,26753963,83755978,'Transfer',1433.00,213261.48,262538.06,'2022-10-12 00:00:00'),(1009,11425801,66162141,'Transfer',820.00,396365.58,183556.96,'2022-12-06 00:00:00'),(1010,95887604,15216588,'Transfer',2694.00,15417.00,300607.28,'2022-11-21 00:00:00'),(1011,34244495,83399390,'Transfer',2592.00,451737.92,319291.21,'2022-05-20 00:00:00'),(1012,13631796,41122515,'Transfer',1097.00,280714.40,439431.26,'2022-09-15 00:00:00'),(1013,74299014,48547309,'Transfer',1360.00,262113.36,205024.08,'2022-12-12 00:00:00'),(1014,77057544,58409310,'Transfer',1119.00,311730.72,325920.99,'2022-01-08 00:00:00'),(1015,70619265,99705012,'Transfer',1359.00,426400.96,219480.61,'2022-12-01 00:00:00'),(1016,34244495,70778712,'Transfer',1240.00,453089.92,20489.00,'2022-01-11 00:00:00'),(1017,26753963,70619265,'Transfer',2816.00,211878.48,430575.96,'2022-12-21 00:00:00'),(1018,11083167,10491570,'Transfer',1515.00,313546.72,289992.18,'2022-08-07 00:00:00'),(1019,94223504,29969699,'Transfer',583.00,434458.36,261390.68,'2022-12-11 00:00:00'),(1020,50655041,46933736,'Transfer',212.00,379013.04,370830.17,'2022-04-17 00:00:00'),(1021,97479406,76279610,'Transfer',871.00,383507.80,401957.26,'2022-01-02 00:00:00'),(1022,69494480,48547309,'Transfer',1802.00,25193.00,205466.08,'2022-03-06 00:00:00'),(1023,98160227,30108380,'Transfer',1721.00,439249.50,285175.50,'2022-02-01 00:00:00'),(1024,14235678,51138829,'Transfer',2893.00,20293.00,366896.20,'2022-04-02 00:00:00'),(1025,34668541,81016124,'Transfer',2515.00,227376.92,283218.45,'2022-09-22 00:00:00'),(1026,98599482,80534073,'Transfer',366.00,28738.00,250177.46,'2022-06-25 00:00:00'),(1027,99988533,58873746,'Transfer',2648.00,245008.76,382292.92,'2022-08-02 00:00:00'),(1028,58873746,99999999,'Payment',402.00,379242.92,0.00,'2022-05-22 00:00:00'),(1029,74299014,74624583,'Transfer',2012.00,261461.36,342776.84,'2022-05-27 00:00:00'),(1030,14235678,58873746,'Transfer',190.00,22996.00,379834.92,'2022-08-23 00:00:00'),(1031,77057544,26791243,'Transfer',1118.00,311731.72,169169.74,'2022-12-04 00:00:00'),(1032,17086314,92507346,'Transfer',463.00,494217.32,27492.00,'2022-06-13 00:00:00'),(1043,14235678,99999999,'Payment',903.81,18666.00,0.00,'2022-05-09 00:00:00'),(1044,14235678,99999999,'Payment',900.00,17766.00,0.00,'2022-05-10 00:00:00'),(1045,14235678,99999999,'Payment',200.00,17566.00,0.00,'2022-05-10 00:00:00'),(1046,14235678,99999999,'Payment',1.00,17565.00,0.00,'2022-05-10 00:00:00'),(1047,14235678,99999999,'Payment',100.00,17465.00,0.00,'2022-05-10 00:00:00'),(1048,14235678,99999999,'Payment',110.00,17355.00,0.00,'2022-05-10 00:00:00'),(1049,14235678,99999999,'Payment',110.00,17245.00,0.00,'2022-05-10 00:00:00'),(1050,14235678,99999999,'Payment',100.00,17145.00,0.00,'2022-05-10 00:00:00'),(1051,14235678,99999999,'Payment',100.00,17045.00,0.00,'2022-05-10 00:00:00'),(1052,14235678,99999999,'Payment',200.00,16845.00,0.00,'2022-05-10 00:00:00'),(1053,14235678,99999999,'Payment',100.00,16745.00,0.00,'2022-05-10 00:00:00'),(1054,14235678,99999999,'Payment',1000.00,15745.00,0.00,'2022-05-10 00:00:00'),(1055,14235678,99999999,'Payment',2740.86,13004.00,0.00,'2022-05-10 00:00:00'),(1056,14235678,99999999,'Payment',903.81,12100.00,0.00,'2022-05-10 00:00:00'),(1057,88839773,88839773,'Withdraw',100.00,10336.00,0.00,'2022-05-15 00:00:00'),(1058,88839773,88839773,'Withdraw',200.00,10136.00,0.00,'2022-05-15 00:00:00'),(1059,88839773,88839773,'Withdraw',300.00,10436.00,0.00,'2022-05-15 00:00:00'),(1060,88839773,10491570,'Transfer',100.00,10336.00,19513.00,'2022-05-15 00:00:00'),(1061,88839773,99999999,'Payment',4340.00,44638.00,0.00,'2022-05-15 00:00:00'),(1062,77523644,77523644,'Withdraw',100.00,23311.00,0.00,'2022-05-16 00:00:00'),(1063,77523644,77523644,'Withdraw',100.00,23304.00,0.00,'2022-05-16 00:00:00'),(1064,77523644,77523644,'Withdraw',100.00,23297.00,0.00,'2022-05-16 00:00:00'),(1065,77523644,77523644,'Withdraw',100.00,23290.00,0.00,'2022-05-16 00:00:00'),(1066,77523644,77523644,'Withdraw',100.00,23296.00,0.00,'2022-05-16 00:00:00'),(1067,77523644,99988533,'Transfer',100.00,23289.00,16672.00,'2022-05-16 00:00:00');
/*!40000 ALTER TABLE `_5statements` ENABLE KEYS */;
UNLOCK TABLES;

--
-- Table structure for table `_6currency`
--

DROP TABLE IF EXISTS `_6currency`;
/*!40101 SET @saved_cs_client     = @@character_set_client */;
/*!50503 SET character_set_client = utf8mb4 */;
CREATE TABLE `_6currency` (
  `id` int NOT NULL AUTO_INCREMENT,
  `Type` varchar(45) COLLATE utf8_turkish_ci NOT NULL,
  `Worth` decimal(5,2) NOT NULL,
  PRIMARY KEY (`id`),
  UNIQUE KEY `type_UNIQUE` (`Type`),
  UNIQUE KEY `id_UNIQUE` (`id`)
) ENGINE=InnoDB AUTO_INCREMENT=14 DEFAULT CHARSET=utf8mb3 COLLATE=utf8_turkish_ci;
/*!40101 SET character_set_client = @saved_cs_client */;

--
-- Dumping data for table `_6currency`
--

LOCK TABLES `_6currency` WRITE;
/*!40000 ALTER TABLE `_6currency` DISABLE KEYS */;
INSERT INTO `_6currency` VALUES (1,'TRY',1.00),(2,'EUR',15.32),(3,'USD',15.42),(4,'GBP',18.67);
/*!40000 ALTER TABLE `_6currency` ENABLE KEYS */;
UNLOCK TABLES;

--
-- Table structure for table `_7rates`
--

DROP TABLE IF EXISTS `_7rates`;
/*!40101 SET @saved_cs_client     = @@character_set_client */;
/*!50503 SET character_set_client = utf8mb4 */;
CREATE TABLE `_7rates` (
  `id` int NOT NULL AUTO_INCREMENT,
  `Credit_Rate` decimal(5,2) NOT NULL,
  `Overdue_Rate` decimal(5,2) NOT NULL,
  PRIMARY KEY (`id`),
  UNIQUE KEY `id_UNIQUE` (`id`)
) ENGINE=InnoDB AUTO_INCREMENT=2 DEFAULT CHARSET=utf8mb3 COLLATE=utf8_turkish_ci;
/*!40101 SET character_set_client = @saved_cs_client */;

--
-- Dumping data for table `_7rates`
--

LOCK TABLES `_7rates` WRITE;
/*!40000 ALTER TABLE `_7rates` DISABLE KEYS */;
INSERT INTO `_7rates` VALUES (1,1.45,1.55);
/*!40000 ALTER TABLE `_7rates` ENABLE KEYS */;
UNLOCK TABLES;

--
-- Dumping events for database 'bankdatabase'
--

--
-- Dumping routines for database 'bankdatabase'
--
/*!40103 SET TIME_ZONE=@OLD_TIME_ZONE */;

/*!40101 SET SQL_MODE=@OLD_SQL_MODE */;
/*!40014 SET FOREIGN_KEY_CHECKS=@OLD_FOREIGN_KEY_CHECKS */;
/*!40014 SET UNIQUE_CHECKS=@OLD_UNIQUE_CHECKS */;
/*!40101 SET CHARACTER_SET_CLIENT=@OLD_CHARACTER_SET_CLIENT */;
/*!40101 SET CHARACTER_SET_RESULTS=@OLD_CHARACTER_SET_RESULTS */;
/*!40101 SET COLLATION_CONNECTION=@OLD_COLLATION_CONNECTION */;
/*!40111 SET SQL_NOTES=@OLD_SQL_NOTES */;

-- Dump completed on 2022-05-30  0:33:31
